,step,type,amount,nameOrig,oldbalanceOrg,newbalanceOrig,nameDest,oldbalanceDest,newbalanceDest,isFraud,isFlaggedFraud
6322570,688,CASH_IN,23557.12,C867750533,8059.0,31616.12,C1026934669,169508.66,145951.53,0,0
3621196,274,PAYMENT,6236.13,C601099070,0.0,0.0,M701283411,0.0,0.0,0,0
1226256,133,PAYMENT,33981.87,C279540931,18745.72,0.0,M577905776,0.0,0.0,0,0
2803274,225,CASH_OUT,263006.42,C11675531,20072.0,0.0,C529577791,390253.56,653259.98,0,0
3201247,249,CASH_OUT,152013.74,C530649214,20765.0,0.0,C1304175579,252719.19,404732.93,0,0
3681019,276,PAYMENT,2854.62,C1176841830,0.0,0.0,M1392929452,0.0,0.0,0,0
1351584,137,CASH_OUT,336874.19,C1430396546,201316.0,0.0,C1687236810,20820.92,357695.11,0,0
5422829,378,CASH_OUT,520230.74,C1815050914,0.0,0.0,C1640500532,540059.79,1060290.53,0,0
5870912,403,CASH_IN,51179.09,C1451233962,8278679.08,8329858.17,C330970462,602965.54,551786.46,0,0
2400263,202,TRANSFER,735977.55,C1864759705,8900.0,0.0,C2022704650,0.0,735977.55,0,0
5515385,380,CASH_OUT,112606.21,C1279551023,0.0,0.0,C356338918,151260.04,263866.25,0,0
4826317,346,CASH_OUT,99203.7,C339611757,22297.0,0.0,C1223540220,0.0,99203.7,0,0
2635402,209,CASH_IN,321631.56,C214232645,6611197.56,6932829.13,C412261249,1103286.62,781655.06,0,0
2984544,231,CASH_IN,408320.59,C147558429,995.0,409315.59,C921825569,1397750.17,989429.58,0,0
4049948,300,PAYMENT,22950.32,C589306939,153400.54,130450.21,M455756256,0.0,0.0,0,0
283498,15,TRANSFER,151878.25,C1340160492,269539.0,117660.75,C1379646923,349458.57,501336.82,0,0
299855,15,PAYMENT,10315.59,C1691041888,51275.0,40959.41,M760405926,0.0,0.0,0,0
2924974,229,PAYMENT,29748.71,C646772953,171.0,0.0,M1463899796,0.0,0.0,0,0
1230984,133,CASH_OUT,180171.05,C358340052,56503.0,0.0,C763707545,257898.04,438069.1,0,0
3430796,256,PAYMENT,9746.91,C2111839967,91401.09,81654.17,M1628040249,0.0,0.0,0,0
1755385,161,PAYMENT,7810.53,C1177292228,2146.0,0.0,M709861523,0.0,0.0,0,0
3510600,259,PAYMENT,3816.49,C1531099717,115421.0,111604.51,M1938922718,0.0,0.0,0,0
1104832,130,PAYMENT,3144.66,C2143875111,21028.0,17883.34,M214475916,0.0,0.0,0,0
4714526,332,PAYMENT,14025.33,C1016295874,205423.0,191397.67,M304573061,0.0,0.0,0,0
3424982,256,CASH_OUT,52611.0,C463257434,12433.0,0.0,C235021433,1941074.35,1993685.35,0,0
4405691,321,CASH_OUT,613.52,C1565343924,0.0,0.0,C116661941,271995.91,272609.43,0,0
1689002,159,CASH_IN,30059.5,C29934608,3383962.8,3414022.3,C1907603999,146820.71,116761.21,0,0
5733885,399,PAYMENT,17467.54,C139780987,23423.0,5955.46,M818693708,0.0,0.0,0,0
3270517,251,CASH_IN,55541.86,C1719213617,6606589.94,6662131.81,C86193597,238275.14,182733.28,0,0
5015424,353,CASH_OUT,526433.45,C827337662,0.0,0.0,C2138984021,2301842.66,2828276.12,0,0
4463247,323,CASH_OUT,270140.05,C212936169,55583.0,0.0,C1619333353,465864.82,736004.86,0,0
1880266,164,PAYMENT,5314.4,C624292450,0.0,0.0,M479248327,0.0,0.0,0,0
1917953,166,CASH_OUT,148119.76,C1033936274,0.0,0.0,C2061671320,367486.09,515605.84,0,0
4312237,308,CASH_IN,249621.69,C730507092,7212841.63,7462463.33,C778281122,293364.3,43742.61,0,0
4964777,351,CASH_OUT,22707.57,C620755772,96454.2,73746.63,C108574474,108917.95,131625.52,0,0
2203349,185,CASH_OUT,113979.0,C329926130,0.0,0.0,C1172028322,1309209.48,1423188.48,0,0
3535014,259,PAYMENT,6233.56,C408504873,203547.28,197313.72,M864337921,0.0,0.0,0,0
6316523,687,CASH_OUT,521.93,C937949344,0.0,0.0,C1301834723,2436182.48,2436704.41,0,0
1299327,136,PAYMENT,4782.12,C1421376170,278528.38,273746.27,M916362636,0.0,0.0,0,0
6260972,608,CASH_IN,153891.95,C317080122,28903.0,182794.95,C1523595272,9755436.66,9601544.71,0,0
2426042,202,PAYMENT,22144.44,C441712185,131566.9,109422.46,M1165280697,0.0,0.0,0,0
4534318,326,PAYMENT,21024.92,C555365819,8697.32,0.0,M391426953,0.0,0.0,0,0
2893138,228,CASH_OUT,84680.97,C2126127812,10127.0,0.0,C973644279,2391090.97,2475771.93,0,0
3626509,274,CASH_IN,14097.72,C1625948834,34188.0,48285.72,C502799592,5660142.72,5646045.0,0,0
4164446,304,CASH_OUT,499699.66,C1108161186,0.0,0.0,C1258495857,1605487.3,2105186.96,0,0
298768,15,PAYMENT,3542.11,C883738003,0.0,0.0,M974491437,0.0,0.0,0,0
1370158,138,CASH_IN,43160.22,C672256876,115388.0,158548.22,C825240019,255844.11,212683.89,0,0
1441085,140,PAYMENT,9082.58,C1416910041,0.0,0.0,M988007143,0.0,0.0,0,0
4890424,349,CASH_OUT,73696.14,C1739774412,101057.0,27360.86,C964414381,711575.48,785271.62,0,0
2738102,212,CASH_OUT,34236.84,C225010457,0.0,0.0,C741569434,1206089.72,1128913.34,0,0
5278456,372,PAYMENT,14525.7,C566467749,0.0,0.0,M876857431,0.0,0.0,0,0
149169,12,PAYMENT,14435.97,C1142168470,0.0,0.0,M681002525,0.0,0.0,0,0
357508,17,CASH_OUT,239373.48,C956549058,291201.0,51827.52,C2050163658,767204.51,1006577.99,0,0
5689401,397,CASH_OUT,322661.14,C1982328117,402.0,0.0,C1441693460,6991.16,329652.3,0,0
5404673,377,CASH_OUT,205306.34,C2116203801,0.0,0.0,C1106170428,6012740.15,6218046.49,0,0
2325850,188,CASH_IN,41461.87,C1682254616,15198725.03,15240186.9,C1028776346,1914863.7,1873401.83,0,0
5849988,402,CASH_OUT,60029.69,C1504450677,0.0,0.0,C966367055,2868817.21,2928846.89,0,0
3449442,257,CASH_IN,91340.04,C222027081,855341.83,946681.87,C1580547380,442177.98,350837.93,0,0
3237213,250,CASH_IN,133664.48,C619317306,1700606.05,1834270.53,C1095965652,167014.99,33350.51,0,0
5607879,394,CASH_OUT,49593.04,C1223036974,45647.0,0.0,C249535392,0.0,49593.04,0,0
6360097,715,TRANSFER,549845.97,C962878329,12802.0,0.0,C374945137,4331424.66,4881270.62,0,0
5381795,376,CASH_OUT,217624.8,C800437709,0.0,0.0,C664463841,1749898.31,1967523.11,0,0
503367,20,CASH_IN,112379.58,C1971558232,248.0,112627.58,C1607542093,1561038.49,1448658.91,0,0
3403027,255,CASH_IN,199585.81,C1772720594,4011779.61,4211365.42,C321214660,633531.35,433945.54,0,0
2705367,211,CASH_IN,35754.2,C1083533382,31426.0,67180.2,C1792890134,0.0,0.0,0,0
4990878,352,TRANSFER,107461.68,C914092089,99990.0,0.0,C400421373,714723.31,822185.0,0,0
4919126,350,CASH_OUT,21789.84,C498825790,10708.0,0.0,C600530814,4298.1,26087.93,0,0
4269723,307,PAYMENT,2647.88,C1143993826,4381.0,1733.12,M896521660,0.0,0.0,0,0
435481,18,PAYMENT,16029.41,C1799176822,14990.0,0.0,M629280493,0.0,0.0,0,0
227681,14,CASH_IN,130585.07,C700628709,265.0,130850.07,C889726700,541588.01,411002.94,0,0
3999889,298,CASH_OUT,56073.13,C1582316212,2120.0,0.0,C565858460,942198.68,998271.81,0,0
2571613,207,PAYMENT,8067.93,C1559382269,0.0,0.0,M1287907011,0.0,0.0,0,0
5083935,355,CASH_OUT,10939.12,C824188082,14615.0,3675.88,C2022616114,1707559.96,1718499.08,0,0
1941989,177,CASH_OUT,243904.96,C1598532127,0.0,0.0,C944038043,246544.12,490449.08,0,0
2949588,230,CASH_IN,182527.76,C724072287,162.0,182689.76,C862094848,1138706.08,956178.32,0,0
2658064,210,CASH_IN,49763.7,C1244769048,14538.0,64301.7,C1494410406,3125159.26,3075395.56,0,0
4636235,330,TRANSFER,416786.64,C530835610,0.0,0.0,C758375074,599941.02,1016727.66,0,0
4804842,346,PAYMENT,56278.53,C1972994431,0.0,0.0,M478525088,0.0,0.0,0,0
3309155,252,CASH_OUT,444809.28,C1574697118,0.0,0.0,C2107464159,8719985.11,9164794.39,0,0
1161296,131,CASH_OUT,156621.44,C108802969,185845.0,29223.56,C904105372,312453.21,564184.35,0,0
465682,19,PAYMENT,13526.33,C291270495,0.0,0.0,M576584563,0.0,0.0,0,0
5668942,397,CASH_OUT,130739.29,C1153016942,11095.0,0.0,C460654432,0.0,130739.29,0,0
6104638,525,CASH_OUT,200325.65,C2105196735,41474.0,0.0,C82902764,21332494.33,21532819.98,0,0
385373,17,CASH_IN,5511.46,C414222854,3634838.28,3640349.73,C1891438963,52784.0,353020.86,0,0
351988,17,CASH_OUT,188964.15,C1431360213,5053.0,0.0,C379591450,347.0,189311.15,0,0
1860136,164,PAYMENT,12672.46,C178811695,56278.0,43605.54,M1333661454,0.0,0.0,0,0
208370,13,CASH_IN,69110.61,C2125115658,503.0,69613.61,C1467016247,0.0,0.0,0,0
3778941,280,CASH_IN,351531.63,C580972558,21151.0,372682.63,C1852859695,0.0,0.0,0,0
3704908,277,CASH_IN,167245.17,C1759477419,1029368.65,1196613.82,C777096170,4583190.82,4415945.65,0,0
627350,34,PAYMENT,3402.24,C278408554,547748.96,544346.72,M1394504527,0.0,0.0,0,0
1316262,136,CASH_OUT,48495.65,C768614983,7049.0,0.0,C638898595,97771.55,146267.2,0,0
4776956,335,CASH_OUT,100815.28,C277121882,0.0,0.0,C1409684969,187495.08,288310.36,0,0
2052033,181,CASH_OUT,373538.45,C197992789,77921.0,0.0,C1790626696,15740.31,389278.76,0,0
2928244,229,CASH_IN,88860.32,C1046249346,12340565.21,12429425.53,C617225194,418692.91,329832.59,0,0
1154929,131,CASH_IN,170302.73,C860251530,562593.94,732896.67,C374477376,682568.34,512265.61,0,0
5339957,374,PAYMENT,25616.6,C254074165,137908.0,112291.4,M375472166,0.0,0.0,0,0
3460427,257,PAYMENT,13807.05,C853981843,0.0,0.0,M701196874,0.0,0.0,0,0
5621222,395,PAYMENT,36584.0,C145097358,11282.0,0.0,M659496398,0.0,0.0,0,0
4182885,304,PAYMENT,16013.8,C1750112214,0.0,0.0,M723731619,0.0,0.0,0,0
122759,11,PAYMENT,4823.52,C1514180534,3878.57,0.0,M1285344302,0.0,0.0,0,0
5887503,403,PAYMENT,8634.98,C875977903,162726.0,154091.02,M1188622495,0.0,0.0,0,0
5198308,369,PAYMENT,27115.33,C1142388970,0.0,0.0,M85354151,0.0,0.0,0,0
147273,12,CASH_OUT,226188.77,C568031700,85247.18,0.0,C2010468866,2852574.27,3078763.04,0,0
1950302,178,CASH_IN,303452.19,C1921233633,4250774.31,4554226.51,C1798712865,1315845.64,1012393.44,0,0
381177,17,CASH_IN,48823.12,C949129020,124.0,48947.12,C977869926,204147.38,155324.26,0,0
3529929,259,PAYMENT,6625.43,C255179552,84818.12,78192.69,M1922749397,0.0,0.0,0,0
2802870,225,CASH_IN,178763.14,C219189083,5316834.28,5495597.41,C2139723278,2529004.47,2350241.33,0,0
2480293,204,CASH_OUT,469938.74,C291220020,505639.0,35700.26,C871413922,0.0,469938.74,0,0
1262541,134,PAYMENT,18070.35,C600296620,0.0,0.0,M196047452,0.0,0.0,0,0
1535561,154,TRANSFER,146427.23,C147290964,0.0,0.0,C952368186,848556.82,994984.05,0,0
4035835,299,CASH_IN,174138.26,C111442733,165166.0,339304.26,C1358182400,1754570.14,1580431.88,0,0
4927686,350,PAYMENT,23862.32,C896229631,9264.0,0.0,M1099148829,0.0,0.0,0,0
5741579,399,TRANSFER,3675675.0,C1345715849,0.0,0.0,C1668393905,11908752.15,15584427.15,0,0
1737910,161,TRANSFER,1790583.97,C2053663951,0.0,0.0,C1989726800,1939846.92,3730430.89,0,0
1999007,179,PAYMENT,16718.07,C1829036661,194045.58,177327.51,M1022499400,0.0,0.0,0,0
1332692,137,CASH_OUT,263638.84,C384878493,11529.0,0.0,C1131850396,131432.45,395071.28,0,0
1992117,179,CASH_OUT,259386.77,C278321211,0.0,0.0,C2011630865,400825.7,660212.47,0,0
2150148,184,PAYMENT,4054.74,C479570461,0.0,0.0,M1303494938,0.0,0.0,0,0
5661132,396,CASH_OUT,194059.44,C764012561,0.0,0.0,C1555664211,1282168.24,1476227.68,0,0
4274490,307,CASH_OUT,55804.28,C149348172,111592.0,55787.72,C1519141853,179238.56,235042.84,0,0
4791886,345,PAYMENT,73.57,C1030173124,24842.95,24769.38,M1903004326,0.0,0.0,0,0
2577141,207,CASH_OUT,18325.78,C189845637,0.0,0.0,C532058527,239995.56,258321.34,0,0
1454530,140,TRANSFER,1466913.75,C52713676,10500.0,0.0,C55484372,31598.88,1498512.63,0,0
615925,34,CASH_IN,85865.79,C296557070,1311418.74,1397284.52,C260838211,3554615.47,3563514.41,0,0
3727037,278,CASH_IN,260744.97,C1669761833,219.0,260963.97,C1647925655,235850.24,0.0,0,0
2471993,204,PAYMENT,5305.7,C456190087,5024.0,0.0,M337190967,0.0,0.0,0,0
2682688,210,CASH_OUT,153513.95,C884088095,619.0,0.0,C1373309143,143207.0,296720.95,0,0
3348953,253,CASH_IN,76024.75,C1855994310,4352705.82,4428730.57,C1638233009,86377.05,10352.3,0,0
5451118,379,CASH_IN,304383.92,C1677344232,29905.0,334288.92,C1712294406,267132.07,0.0,0,0
3259109,251,TRANSFER,490373.91,C1937592980,0.0,0.0,C498602865,692972.53,1183346.43,0,0
5614900,395,TRANSFER,1740595.9,C249198231,0.0,0.0,C1860406549,3302335.46,5042931.36,0,0
1517249,153,CASH_OUT,190817.74,C1537175441,245.0,0.0,C1700297132,438158.55,628976.29,0,0
6214501,589,TRANSFER,1564001.69,C1960840916,4490.84,0.0,C465060302,8079675.59,9643677.27,0,0
5038823,354,TRANSFER,2589935.15,C1136433760,0.0,0.0,C223473130,2954779.97,5544715.12,0,0
324098,16,PAYMENT,1660.34,C738270146,21102.0,19441.66,M196213607,0.0,0.0,0,0
2917911,229,CASH_OUT,210596.13,C586906302,0.0,0.0,C577924039,6841926.39,6942664.29,0,0
961745,44,CASH_IN,214269.84,C1927292040,101203.0,315472.84,C2022370557,0.0,0.0,0,0
5656750,396,CASH_OUT,423011.45,C411402003,21811.0,0.0,C1783237909,305033.67,728045.12,0,0
2380856,193,CASH_IN,253600.0,C97239962,4358753.95,4612353.95,C452629923,470614.32,217014.32,0,0
5026183,353,CASH_IN,150460.22,C1158944809,2834182.71,2984642.93,C133599646,1619132.05,1468671.83,0,0
6327614,688,CASH_IN,244804.91,C1635026067,1080922.01,1325726.92,C517274692,1692820.75,1448015.84,0,0
2529717,205,CASH_OUT,37739.96,C29549125,1059.0,0.0,C2007486879,937764.56,975504.52,0,0
2017161,180,PAYMENT,2610.14,C843791670,45499.0,42888.86,M942683358,0.0,0.0,0,0
3621745,274,CASH_OUT,34989.0,C1455984316,22390.0,0.0,C1899305141,10160.5,45149.5,0,0
3364230,254,CASH_OUT,103088.69,C792408231,0.0,0.0,C641930051,1914510.94,2017599.63,0,0
4221722,306,TRANSFER,351322.63,C1918426405,61838.0,0.0,C715252585,56371.09,407693.72,0,0
776748,39,CASH_OUT,265234.1,C1189074541,0.0,0.0,C108506622,492357.71,757591.81,0,0
4401105,321,PAYMENT,34480.12,C668100258,0.0,0.0,M1025680292,0.0,0.0,0,0
5430435,378,PAYMENT,87637.81,C1059901146,0.0,0.0,M872724747,0.0,0.0,0,0
1122415,130,PAYMENT,8862.06,C1265151425,0.0,0.0,M1485836367,0.0,0.0,0,0
4521183,326,TRANSFER,4010620.48,C1291621008,0.0,0.0,C1273394446,5465914.11,9476534.59,0,0
3181954,239,CASH_OUT,189051.02,C1045955264,7220.89,0.0,C286605183,583503.28,772554.31,0,0
3484408,258,CASH_IN,59830.42,C297257725,2438288.85,2498119.27,C1591121104,130116.76,70286.35,0,0
1821538,163,CASH_IN,80307.51,C2147058393,7681641.08,7761948.58,C413184021,174093.07,93785.56,0,0
4609065,329,CASH_OUT,471223.84,C1601452987,54241.0,0.0,C804324603,0.0,611791.15,0,0
725483,37,CASH_IN,145920.02,C1835641923,10855.0,156775.02,C1724260087,28519.19,0.0,0,0
4154346,303,CASH_OUT,184764.72,C1365338140,0.0,0.0,C816903308,386248.37,571013.09,0,0
944618,43,PAYMENT,654.57,C2063806967,0.0,0.0,M1754135600,0.0,0.0,0,0
1589285,155,CASH_IN,85592.58,C1711407750,15324062.96,15409655.54,C1798965106,180164.93,94572.35,0,0
5403210,377,CASH_OUT,521431.53,C636467911,12537.0,0.0,C1601759284,122908.53,644340.06,0,0
5320952,374,CASH_OUT,200020.64,C11387500,0.0,0.0,C1827189864,774042.18,974062.82,0,0
1646730,157,CASH_IN,215063.26,C976071731,9450824.18,9665887.43,C1825174365,13462207.1,13247143.84,0,0
5318747,374,PAYMENT,10227.84,C1333711965,0.0,0.0,M734573644,0.0,0.0,0,0
3894716,284,PAYMENT,17507.51,C1834503618,764.0,0.0,M1750544955,0.0,0.0,0,0
2615063,208,PAYMENT,43738.3,C1144285901,0.0,0.0,M502276142,0.0,0.0,0,0
3668565,276,CASH_IN,94200.16,C1558580835,568621.91,662822.07,C1481290538,999332.81,905132.64,0,0
255928,14,CASH_IN,41754.34,C1414368903,151.0,41905.34,C229707080,1575679.13,1442576.11,0,0
2531987,205,PAYMENT,5610.08,C1440454812,41131.0,35520.92,M383985075,0.0,0.0,0,0
2646011,209,CASH_IN,277362.43,C1634156267,193303.0,470665.43,C1958931937,690380.16,413017.74,0,0
3680449,276,PAYMENT,6879.28,C2113975089,0.0,0.0,M1376980575,0.0,0.0,0,0
975965,44,CASH_OUT,9212.24,C1710051082,0.0,0.0,C914293025,10878893.77,10888106.02,0,0
1972871,178,PAYMENT,1993.47,C823488024,235251.76,233258.29,M1950564283,0.0,0.0,0,0
3145955,236,CASH_IN,541523.58,C379522596,1034838.09,1576361.67,C316410024,2330107.59,1788584.02,0,0
2190693,185,PAYMENT,8641.79,C544110092,391591.09,382949.3,M1475348670,0.0,0.0,0,0
6109653,525,PAYMENT,5023.58,C88026170,20463.0,15439.42,M277807174,0.0,0.0,0,0
2013339,180,PAYMENT,17583.82,C856285553,0.0,0.0,M1430851867,0.0,0.0,0,0
6144608,545,PAYMENT,15451.96,C506765467,0.0,0.0,M358051790,0.0,0.0,0,0
4090276,301,CASH_IN,48099.66,C116282627,6591567.15,6639666.81,C613236821,691730.4,643630.74,0,0
5543849,382,PAYMENT,29954.83,C718340460,0.0,0.0,M731161227,0.0,0.0,0,0
2780405,214,PAYMENT,16318.74,C74710407,0.0,0.0,M1664250818,0.0,0.0,0,0
3030075,233,CASH_IN,49052.5,C1775932007,2066888.78,2115941.27,C376043415,678448.58,629396.09,0,0
3643790,275,PAYMENT,5436.44,C1985567753,0.0,0.0,M1218036380,0.0,0.0,0,0
2670636,210,CASH_IN,126122.76,C480049867,330287.0,456409.76,C1849273476,5806819.64,5680696.88,0,0
971588,44,CASH_IN,48746.63,C1292170914,918.0,49664.63,C710890154,79791.19,31044.56,0,0
4733954,332,CASH_OUT,266633.75,C1722375692,0.0,0.0,C2061974777,3294128.24,3560761.98,0,0
1585393,155,CASH_IN,486521.29,C1223386866,49750.0,536271.29,C1967667511,1233769.69,747248.4,0,0
102849,10,CASH_OUT,30150.67,C35281092,0.0,0.0,C1314172327,98229.44,5218.47,0,0
4180283,304,CASH_OUT,279367.71,C98239485,50835.0,0.0,C849550874,114060.49,393428.19,0,0
1390656,139,CASH_IN,171429.58,C1785594486,52067.0,223496.58,C1687182259,318244.05,146814.47,0,0
35755,9,PAYMENT,24.83,C1631725624,13243.0,13218.17,M263187581,0.0,0.0,0,0
5003420,353,CASH_OUT,99961.44,C273746798,296836.86,196875.42,C669254358,3153603.72,3253565.16,0,0
2681675,210,CASH_IN,90202.29,C1070166301,196.0,90398.29,C860828037,254145.47,163943.18,0,0
3695419,277,CASH_IN,180033.45,C464526736,14717.15,194750.6,C689288366,1124710.51,944677.06,0,0
2911877,229,CASH_OUT,86624.66,C366960173,0.0,0.0,C1950040319,179543.6,266168.26,0,0
5538000,381,CASH_OUT,69965.87,C934507055,0.0,0.0,C1591408637,2584115.09,2654080.95,0,0
2292206,187,PAYMENT,5294.45,C1026971386,22498.02,17203.57,M487366644,0.0,0.0,0,0
5315196,374,TRANSFER,1953604.26,C1841059296,36880.0,0.0,C279006085,573298.22,2526902.48,0,0
1513756,153,CASH_IN,15112.29,C1304209092,1669968.42,1685080.71,C1096971042,107944.72,92832.43,0,0
4231316,306,CASH_IN,135099.79,C1798767925,5418126.55,5553226.34,C2035039975,526467.95,391368.16,0,0
4010095,298,CASH_OUT,21476.96,C1140137998,3888.0,0.0,C1072183647,101029.94,122506.9,0,0
2932399,229,CASH_OUT,216055.94,C1442947999,0.0,0.0,C1634977139,1182543.5,1398599.44,0,0
5335913,374,CASH_IN,87983.24,C135688380,19783.0,107766.24,C1545032239,153782.64,65799.4,0,0
4849645,347,CASH_OUT,527087.06,C1252930755,10360.0,0.0,C1195582803,1626126.06,2153213.12,0,0
1907997,166,CASH_OUT,154543.26,C1345847080,0.0,0.0,C450751728,162819.88,317363.15,0,0
1341370,137,TRANSFER,54205.81,C1150262748,53497.1,0.0,C86123026,277422.41,331628.23,0,0
1340856,137,CASH_OUT,53588.37,C1612330736,28462.0,0.0,C12009192,1759884.15,1813472.51,0,0
6047798,492,CASH_OUT,239259.61,C390692064,0.0,0.0,C1379707865,535434.7,774694.31,0,0
1699735,159,TRANSFER,1458612.65,C1411072675,854647.89,0.0,C41034590,2303068.09,3816033.21,0,0
3787698,280,PAYMENT,9109.14,C2146224486,5043.0,0.0,M1091714023,0.0,0.0,0,0
5177764,359,PAYMENT,4376.19,C1663978925,21129.0,16752.81,M1410845232,0.0,0.0,0,0
2432118,203,PAYMENT,11616.56,C936893780,0.0,0.0,M1081379780,0.0,0.0,0,0
903625,43,CASH_IN,66334.2,C365725324,4054.0,70388.2,C466247062,422103.2,355769.01,0,0
4405210,321,CASH_OUT,18484.05,C320354742,22777.0,4292.95,C574758909,2586653.98,2605138.03,0,0
2698982,211,PAYMENT,2369.12,C722639896,12078.0,9708.88,M378673268,0.0,0.0,0,0
1876875,164,CASH_OUT,73009.96,C970483793,49601.0,0.0,C1166858705,0.0,73009.96,0,0
4234058,306,PAYMENT,18886.93,C67851682,438065.86,419178.93,M1121903407,0.0,0.0,0,0
5435930,378,CASH_OUT,52432.1,C1054706757,0.0,0.0,C1038084560,639048.72,691480.82,0,0
276378,15,TRANSFER,312122.67,C1604201381,0.0,0.0,C488346805,1141678.0,1353230.7,0,0
637351,35,CASH_OUT,472692.51,C145594916,472692.51,0.0,C1718370785,193065.83,665758.34,1,0
3038401,234,TRANSFER,261711.28,C1796557934,24328.0,0.0,C1399106049,208924.34,470635.62,0,0
4948031,351,CASH_OUT,16652.78,C1151198059,0.0,0.0,C621469601,140179.86,156832.63,0,0
4726114,332,CASH_OUT,215266.57,C748839094,37813.0,0.0,C2062934546,102008.52,317275.09,0,0
2309895,188,CASH_OUT,64486.48,C2047347863,66685.0,2198.52,C37607343,171783.19,236269.67,0,0
4336498,308,CASH_OUT,149948.83,C951753013,19226.0,0.0,C829557644,1220906.72,1370855.56,0,0
4231111,306,PAYMENT,24378.61,C564177667,117078.0,92699.39,M1006666938,0.0,0.0,0,0
3910086,284,CASH_OUT,75895.27,C255132323,82217.0,6321.73,C762908829,0.0,75895.27,0,0
6303168,683,PAYMENT,31125.06,C924451930,20844.57,0.0,M913749729,0.0,0.0,0,0
3599424,263,CASH_IN,523918.63,C2088255049,5873437.6,6397356.23,C764856521,5000786.1,4476867.46,0,0
1702526,159,TRANSFER,1587426.22,C1652731747,0.0,0.0,C976189423,3306069.38,4893495.61,0,0
923538,43,CASH_OUT,12206.6,C1128512600,0.0,0.0,C514851641,55406.11,67612.7,0,0
5507161,380,PAYMENT,1539.78,C484286919,168149.31,166609.53,M1758692491,0.0,0.0,0,0
3190474,240,PAYMENT,13722.82,C1682908953,20887.0,7164.18,M1579290706,0.0,0.0,0,0
2454755,203,CASH_IN,156238.02,C1707147146,5136266.92,5292504.94,C889437609,1021783.33,865545.31,0,0
41779,9,PAYMENT,13596.67,C918657376,22022.0,8425.33,M244636688,0.0,0.0,0,0
1890326,165,CASH_OUT,59353.92,C69046383,0.0,0.0,C1050815917,2340670.61,2400024.53,0,0
2010874,180,TRANSFER,350295.6,C746027859,837.0,0.0,C1949246952,3458240.19,3808535.79,0,0
2292898,187,CASH_IN,27347.12,C538103967,914738.06,942085.18,C1223151202,933173.56,905826.45,0,0
4900291,349,CASH_IN,50782.93,C1156986665,4251754.82,4302537.75,C1781387704,316207.49,265424.56,0,0
4390013,321,CASH_OUT,51266.69,C190935927,61917.0,10650.31,C1118748174,0.0,51266.69,0,0
4296032,307,CASH_OUT,134522.26,C1887501947,256362.0,121839.74,C1132629162,0.0,134522.26,0,0
508426,20,PAYMENT,18416.2,C2082471310,0.0,0.0,M281394581,0.0,0.0,0,0
4657651,330,CASH_OUT,105475.89,C1596614659,0.0,0.0,C1542869673,562099.5,667575.39,0,0
1955459,178,CASH_IN,655224.98,C709640511,14471047.45,15126272.43,C1298763451,6430814.39,5775589.41,0,0
6223569,590,PAYMENT,37086.38,C1715976641,139443.82,102357.44,M116951545,0.0,0.0,0,0
2126102,183,CASH_IN,77829.29,C693621557,4922611.51,5000440.8,C1155601011,1216417.3,1138588.01,0,0
2838572,226,CASH_IN,327248.82,C1568998856,1005509.83,1332758.65,C36471959,2326410.38,1999161.56,0,0
256010,14,PAYMENT,1544.37,C1820929349,4015.93,2471.56,M1548472191,0.0,0.0,0,0
4756302,333,TRANSFER,2952327.18,C407691669,6473.4,0.0,C405840934,3065404.14,6017731.33,0,0
2653876,209,TRANSFER,278463.9,C230206912,0.0,0.0,C173610321,769283.1,1047747.0,0,0
2225510,186,PAYMENT,6196.37,C2022976348,281134.16,274937.8,M1315585305,0.0,0.0,0,0
2385912,201,CASH_OUT,23398.7,C2113563682,0.0,0.0,C1189949603,664037.6,687436.3,0,0
4224173,306,PAYMENT,45358.39,C2056454025,0.0,0.0,M1339927507,0.0,0.0,0,0
6143278,545,TRANSFER,394955.61,C1131067920,0.0,0.0,C1790157907,1031594.18,1426549.79,0,0
4493947,325,PAYMENT,2708.36,C1225196292,0.0,0.0,M383711295,0.0,0.0,0,0
6055374,496,PAYMENT,32940.36,C969440137,19867.17,0.0,M1388976494,0.0,0.0,0,0
350134,17,TRANSFER,2454481.57,C1745659836,0.0,0.0,C597190999,3040669.17,6901379.04,0,0
4914165,349,CASH_OUT,167852.27,C1063084045,39863.0,0.0,C454018413,694202.97,862055.24,0,0
6163921,550,CASH_IN,81090.21,C797308215,6164954.41,6246044.62,C1325458421,170156.93,89066.71,0,0
3336755,253,PAYMENT,32390.19,C1971948452,20951.0,0.0,M1682285969,0.0,0.0,0,0
342951,16,CASH_IN,69213.25,C1611061184,20799.0,90012.25,C1178045970,49209.0,0.0,0,0
5650122,396,CASH_IN,33239.97,C1223371441,22251288.78,22284528.75,C118689455,134131.52,100891.55,0,0
2959053,230,CASH_OUT,21258.35,C1725564551,52503.0,31244.65,C1726841955,144115.27,165373.62,0,0
1492157,142,PAYMENT,10497.94,C1251188584,696738.0,686240.06,M1531381052,0.0,0.0,0,0
111862,11,PAYMENT,10714.06,C1989505461,241.0,0.0,M1719819526,0.0,0.0,0,0
748330,38,PAYMENT,3607.62,C691696656,0.0,0.0,M2105072810,0.0,0.0,0,0
838609,41,PAYMENT,29225.45,C245990542,86300.74,57075.29,M431766078,0.0,0.0,0,0
4231940,306,CASH_IN,441426.65,C1759314509,26567.0,467993.65,C663369963,6905.96,0.0,0,0
245617,14,CASH_OUT,136482.37,C1441036852,12305.0,0.0,C2110090153,13211.31,1024940.74,0,0
4537761,326,TRANSFER,305036.25,C94038568,0.0,0.0,C694139804,818295.79,1123332.04,0,0
4706257,331,PAYMENT,9117.41,C1418786914,0.0,0.0,M1079408739,0.0,0.0,0,0
5178414,359,PAYMENT,197.82,C67665316,18627.0,18429.18,M779171850,0.0,0.0,0,0
413568,18,PAYMENT,3106.5,C119551000,563656.95,560550.45,M388366278,0.0,0.0,0,0
3258078,251,CASH_IN,112317.63,C1725550455,5072.0,117389.63,C2034996267,1999628.62,1887310.99,0,0
1608453,156,CASH_IN,95169.22,C1433408648,7151755.12,7246924.34,C573457361,860820.63,765651.41,0,0
1051639,95,PAYMENT,1224.57,C1372611496,32767.0,31542.43,M727237038,0.0,0.0,0,0
2509913,205,CASH_OUT,139982.78,C326257936,363791.0,223808.22,C720884427,0.0,139982.78,0,0
4418758,322,CASH_OUT,277074.32,C1257242690,0.0,0.0,C1677522919,4948528.17,5225602.48,0,0
2122048,183,CASH_IN,72227.19,C2084310373,10205.0,82432.19,C165519859,3074615.8,3002388.61,0,0
4890614,349,CASH_OUT,75830.75,C698104296,8097.0,0.0,C1563117222,0.0,75830.75,0,0
4126696,302,CASH_OUT,297868.14,C98319391,0.0,0.0,C1816201398,10394582.69,10692450.83,0,0
3274890,251,PAYMENT,4306.44,C693142376,20299.0,15992.56,M1143253572,0.0,0.0,0,0
6005672,429,PAYMENT,3341.42,C859842163,32281.0,28939.58,M2084259964,0.0,0.0,0,0
1521543,153,PAYMENT,6337.45,C1666007861,0.0,0.0,M1565281170,0.0,0.0,0,0
4943262,350,TRANSFER,50913.44,C973454380,83591.0,32677.56,C323155288,0.0,50913.44,0,0
991653,45,PAYMENT,771.04,C1661336173,23.0,0.0,M2093835857,0.0,0.0,0,0
3838025,282,PAYMENT,7265.75,C945057632,15866.0,8600.25,M1147740076,0.0,0.0,0,0
5824336,402,TRANSFER,467772.37,C1288020926,4619.0,0.0,C1505863315,30360.0,701926.31,0,0
686288,36,CASH_IN,112858.47,C937373834,497740.23,610598.69,C866970718,9318642.15,9205783.69,0,0
1078591,129,CASH_IN,115526.87,C544374881,872.0,116398.87,C950796898,1531906.16,1416379.29,0,0
1283257,135,PAYMENT,17752.11,C1068288815,3588.0,0.0,M437139515,0.0,0.0,0,0
2235029,186,PAYMENT,31503.25,C1447129398,174.0,0.0,M1342891964,0.0,0.0,0,0
2094915,182,TRANSFER,709431.57,C810982252,50595.0,0.0,C2122211255,156561.33,865992.89,0,0
2499533,204,PAYMENT,25935.05,C1521618973,684.25,0.0,M1008519998,0.0,0.0,0,0
5000001,353,PAYMENT,7229.34,C147747120,0.0,0.0,M1017760995,0.0,0.0,0,0
4138254,303,CASH_OUT,109758.98,C770746983,91643.0,0.0,C769193049,0.0,109758.98,0,0
3070796,235,PAYMENT,5681.72,C1188230091,0.0,0.0,M1025444638,0.0,0.0,0,0
4582399,328,CASH_OUT,1217.53,C1182454131,0.0,0.0,C1652502582,32221.08,33438.62,0,0
4653624,330,CASH_OUT,228270.27,C695669559,407173.0,178902.73,C1360587835,4392728.33,4620998.59,0,0
1271813,135,CASH_IN,197199.74,C162206430,3150783.63,3347983.38,C642673340,1036164.46,838964.72,0,0
1628747,157,CASH_OUT,200175.86,C1320382119,1758.0,0.0,C222784974,0.0,200175.86,0,0
2487340,204,PAYMENT,2029.69,C1697685979,407.0,0.0,M902776623,0.0,0.0,0,0
1644423,157,CASH_IN,482538.22,C1202404713,321770.0,804308.22,C906732391,4017868.25,3357310.62,0,0
4389716,321,PAYMENT,13526.5,C1008352854,0.0,0.0,M1656509266,0.0,0.0,0,0
1168516,132,PAYMENT,11170.28,C2074885075,416076.13,404905.85,M1633808594,0.0,0.0,0,0
6132877,544,CASH_OUT,66898.02,C1160493221,0.0,0.0,C1996835382,1260969.79,1327867.81,0,0
4651216,330,CASH_OUT,39479.98,C1700372083,460580.0,421100.02,C1463414843,1258177.66,1297657.65,0,0
6034428,476,CASH_OUT,330431.26,C1010397130,42067.0,0.0,C235248232,1751532.24,2081963.5,0,0
6028858,471,CASH_IN,389071.1,C154018161,1202286.39,1591357.49,C1057110100,627284.86,238213.75,0,0
4888891,349,CASH_OUT,596260.44,C1403542588,0.0,0.0,C312185831,1658923.09,2255183.53,0,0
3941836,286,PAYMENT,2796.11,C27023686,277088.78,274292.67,M2005733433,0.0,0.0,0,0
3400869,255,CASH_OUT,101831.94,C1629698179,176874.0,75042.06,C1576931749,2542750.0,2644581.95,0,0
1499189,143,PAYMENT,19770.68,C1305838168,10095.0,0.0,M967932838,0.0,0.0,0,0
1362818,138,CASH_IN,333400.96,C1039254512,1860396.58,2193797.54,C1840915575,533196.46,280920.05,0,0
3736882,278,CASH_OUT,14092.14,C1819937498,0.0,0.0,C1389074037,1394611.91,1408704.05,0,0
5109116,355,PAYMENT,1255.24,C662872582,0.0,0.0,M907362657,0.0,0.0,0,0
1025611,48,PAYMENT,19182.23,C423255212,0.0,0.0,M1000635305,0.0,0.0,0,0
3548584,260,CASH_OUT,298.72,C613511191,0.0,0.0,C773243031,16707.5,17006.22,0,0
102179,10,CASH_OUT,104988.62,C1703885028,5820.0,0.0,C1845532635,0.0,198791.82,0,0
3829785,282,CASH_OUT,110875.16,C1947376429,0.0,0.0,C1065983433,392995.12,503870.28,0,0
2445856,203,TRANSFER,670129.61,C749835814,85783.85,0.0,C1050074703,2884072.66,3554202.27,0,0
662210,36,PAYMENT,8092.14,C1293249740,77119.89,69027.75,M2138110078,0.0,0.0,0,0
3879977,283,PAYMENT,25077.88,C2129395261,0.0,0.0,M1005815499,0.0,0.0,0,0
2602855,208,CASH_OUT,291034.08,C1916035101,0.0,0.0,C812410043,633622.72,924656.8,0,0
1080989,129,PAYMENT,12292.97,C514212079,4555.0,0.0,M268620043,0.0,0.0,0,0
3080840,235,CASH_IN,10164.77,C1401453851,6924599.88,6934764.65,C1621432541,237028.0,226863.23,0,0
5777537,400,PAYMENT,46004.3,C1598005394,143385.01,97380.7,M1981417443,0.0,0.0,0,0
6134878,544,CASH_OUT,406114.77,C685025842,218450.0,0.0,C321188488,0.0,406114.77,0,0
3938891,286,PAYMENT,4693.12,C801351033,369648.0,364954.88,M1548786360,0.0,0.0,0,0
2716451,211,CASH_IN,263317.69,C1815450900,322748.82,586066.51,C1570046519,324684.57,61366.88,0,0
5478082,379,PAYMENT,10014.46,C1624116812,0.0,0.0,M1867817073,0.0,0.0,0,0
425379,18,CASH_IN,31861.69,C1462983245,7170699.9,7202561.59,C1705668024,5664745.06,5632883.36,0,0
4632428,330,PAYMENT,12858.96,C114950431,992360.05,979501.09,M593907314,0.0,0.0,0,0
514539,20,CASH_IN,15180.07,C2147393731,15829.0,31009.07,C1588819841,135418.62,152421.89,0,0
5958383,405,CASH_OUT,166905.99,C858765789,41814.0,0.0,C195399312,857226.63,1024132.62,0,0
6099276,522,PAYMENT,7062.02,C1572386698,65212.48,58150.46,M1723152196,0.0,0.0,0,0
5309678,373,CASH_IN,9310.71,C2084796384,26460.0,35770.71,C598406316,1478796.7,1469485.99,0,0
3092465,235,CASH_OUT,116984.23,C1435235968,13552.0,0.0,C2077573564,580258.19,927990.38,0,0
1674464,158,CASH_OUT,15690.16,C683843035,236134.0,220443.84,C229865826,616238.97,631929.13,0,0
2130214,183,TRANSFER,695426.93,C709239484,134851.0,0.0,C1255759542,1784433.01,2479859.93,0,0
648465,35,CASH_OUT,117588.81,C1246081359,658.0,0.0,C653040667,585399.53,702988.34,0,0
1807032,163,CASH_OUT,59026.77,C1002719440,1706.0,0.0,C2004418283,271767.27,330794.04,0,0
3696666,277,PAYMENT,7052.79,C1155149388,40372.0,33319.21,M705686637,0.0,0.0,0,0
4062874,300,CASH_IN,61195.81,C1069895208,7708115.01,7769310.83,C1317451961,445401.3,384205.49,0,0
1595626,156,PAYMENT,23144.06,C185039226,0.0,0.0,M415877159,0.0,0.0,0,0
3060961,234,TRANSFER,111128.1,C1608560989,524.0,0.0,C998826826,37978.92,149107.02,0,0
154847,12,PAYMENT,15526.98,C63044204,0.0,0.0,M19590170,0.0,0.0,0,0
1432332,139,PAYMENT,428.51,C1921010473,34831.0,34402.49,M1499852949,0.0,0.0,0,0
5292642,373,CASH_OUT,355058.38,C1316134898,52854.0,0.0,C273813984,197519.22,552577.6,0,0
2193649,185,CASH_OUT,79056.31,C595701135,0.0,0.0,C247942237,704295.49,783351.8,0,0
4438190,323,CASH_IN,323355.52,C6031837,0.0,323355.52,C756580697,964611.31,641255.8,0,0
4398067,321,DEBIT,3330.99,C1023757520,0.0,0.0,C733186804,5711783.07,5715114.06,0,0
4521378,326,PAYMENT,8118.82,C149217578,0.0,0.0,M163543170,0.0,0.0,0,0
5353878,375,PAYMENT,9679.56,C1121144955,75295.52,65615.96,M2006795801,0.0,0.0,0,0
1863603,164,CASH_OUT,260829.0,C323961238,0.0,0.0,C1102287630,449518.5,710347.5,0,0
2695974,211,CASH_OUT,80489.16,C1334707151,181742.0,101252.84,C896724773,9011741.17,9092230.33,0,0
4057902,300,CASH_IN,324651.76,C1297456195,52325.0,376976.76,C1338741188,985328.74,660676.97,0,0
5315264,374,CASH_OUT,106618.0,C1960874928,0.0,0.0,C825123132,337481.65,444099.65,0,0
2376160,192,CASH_OUT,124627.07,C2067998409,0.0,0.0,C202473838,994261.2,1118888.27,0,0
597784,33,PAYMENT,4439.43,C151357663,0.0,0.0,M1387015779,0.0,0.0,0,0
4875806,348,TRANSFER,393634.84,C407639941,0.0,0.0,C1482996191,1107899.54,1501534.38,0,0
4300201,307,PAYMENT,29400.04,C1613847329,512231.11,482831.07,M638955439,0.0,0.0,0,0
1642999,157,PAYMENT,505.99,C74497824,0.0,0.0,M1194211428,0.0,0.0,0,0
4448272,323,PAYMENT,37211.95,C866682147,539103.95,501892.0,M1296111103,0.0,0.0,0,0
3098676,235,CASH_OUT,213266.45,C1063733837,102774.0,0.0,C774367197,358610.12,571876.57,0,0
4142422,303,CASH_IN,3120.42,C35044556,3052072.82,3055193.24,C482420733,278150.82,275030.4,0,0
2570756,207,CASH_OUT,81219.1,C1271621268,14725.0,0.0,C998182007,164510.75,245729.84,0,0
2305748,188,CASH_OUT,247310.52,C1205820244,0.0,0.0,C1998869494,1606905.47,1854216.0,0,0
4581257,328,CASH_OUT,66756.55,C785723647,0.0,0.0,C1054077940,10855776.92,10922533.48,0,0
4372967,310,CASH_IN,25039.88,C339740894,190465.0,215504.88,C1513393712,193150.57,168110.69,0,0
191336,13,PAYMENT,6750.72,C1603065225,0.0,0.0,M1669275226,0.0,0.0,0,0
5585128,394,TRANSFER,207740.76,C688454662,0.0,0.0,C605230998,249351.23,457092.0,0,0
5042780,354,CASH_IN,27403.57,C1116651186,465545.81,492949.38,C1894654874,2683415.29,2656011.71,0,0
2144215,184,DEBIT,9515.67,C1198743327,365.0,0.0,C1457535506,3974026.82,5013484.49,0,0
2571995,207,CASH_OUT,310323.81,C444800792,0.0,0.0,C1542388789,838744.79,1149068.59,0,0
1825671,163,CASH_OUT,287202.1,C1415619574,0.0,0.0,C1852790850,9717419.11,10004621.2,0,0
5092196,355,CASH_OUT,231475.53,C2140043527,0.0,0.0,C1420100898,304218.16,535693.69,0,0
4608196,329,CASH_OUT,215833.64,C894920191,200871.0,0.0,C909323115,45463.96,261297.6,0,0
2359814,190,CASH_OUT,83194.06,C2085787889,0.0,0.0,C1429641422,2940278.79,3023472.85,0,0
2016465,180,PAYMENT,9007.64,C1413594267,0.0,0.0,M329645795,0.0,0.0,0,0
1011905,46,PAYMENT,2369.69,C1542772629,21380.41,19010.72,M1500204392,0.0,0.0,0,0
5836667,402,CASH_OUT,352553.89,C1074855105,10338.0,0.0,C389648710,352927.43,705481.32,0,0
2264805,187,PAYMENT,11844.69,C782519411,40822.0,28977.31,M303398101,0.0,0.0,0,0
1191968,132,CASH_OUT,62275.21,C1869722584,30252.0,0.0,C1342487022,150849.03,213124.24,0,0
2688951,210,CASH_OUT,234818.33,C1449762060,24663.0,0.0,C2015487865,0.0,234818.33,0,0
2283698,187,CASH_IN,178080.65,C1567962933,7973.0,186053.65,C841836173,1049386.99,871306.35,0,0
1019860,47,CASH_OUT,304209.72,C1613011929,0.0,0.0,C1700852615,625424.7,929634.42,0,0
460495,19,CASH_OUT,201282.47,C40698985,94116.0,0.0,C742379987,0.0,135257.85,0,0
3435133,256,PAYMENT,18682.03,C1582454603,102888.82,84206.78,M634917646,0.0,0.0,0,0
1285792,135,PAYMENT,17372.96,C2004614118,336484.57,319111.62,M1713999423,0.0,0.0,0,0
3554886,260,CASH_IN,76648.44,C1540876574,2067921.39,2144569.83,C267193562,1466093.42,1389444.98,0,0
5449726,379,CASH_IN,405482.15,C267894320,4976920.94,5382403.09,C864211105,12762203.61,12356721.46,0,0
3987763,298,CASH_OUT,185847.74,C1939854895,14546.0,0.0,C148194856,773452.57,959300.31,0,0
1673048,158,PAYMENT,7253.85,C1875538056,4807.62,0.0,M894329952,0.0,0.0,0,0
5256172,371,TRANSFER,1242313.56,C1726150549,866.0,0.0,C1772004024,236323.15,1478636.71,0,0
2884466,228,CASH_IN,250609.48,C808528566,32922.0,283531.48,C668666849,0.0,0.0,0,0
4006766,298,PAYMENT,10922.18,C126681287,0.0,0.0,M2004681086,0.0,0.0,0,0
3402144,255,CASH_OUT,179979.72,C1376506865,0.0,0.0,C1906516774,340695.23,520674.95,0,0
2356990,190,CASH_OUT,98291.47,C346925008,43586.51,0.0,C112738826,645887.53,744179.0,0,0
377398,17,CASH_IN,170655.17,C1961070341,50012.0,220667.17,C2118562090,261828.18,91173.02,0,0
1506296,144,CASH_IN,128557.58,C276575821,2695085.21,2823642.79,C514304785,4936877.28,4808319.7,0,0
3087511,235,CASH_IN,338728.18,C824522975,9039.0,347767.18,C1338372159,0.0,0.0,0,0
6029780,471,CASH_IN,86808.57,C1024903373,11290614.2,11377422.78,C489975393,360163.13,273354.56,0,0
2001687,179,CASH_OUT,121542.1,C857307448,52770.0,0.0,C340836587,0.0,121542.1,0,0
3238050,250,CASH_OUT,513062.09,C238126435,43.0,0.0,C1426786605,2070016.66,2583078.75,0,0
4177936,304,CASH_IN,123395.35,C281562260,29981.0,153376.35,C1492430016,0.0,0.0,0,0
4401305,321,PAYMENT,509.83,C1651193713,1169.0,659.17,M1068620871,0.0,0.0,0,0
2944863,230,PAYMENT,309.66,C1060415998,43261.0,42951.34,M956147906,0.0,0.0,0,0
774958,39,CASH_IN,277662.29,C1904350153,0.0,277662.29,C1291664589,2740591.2,2597507.73,0,0
4106885,302,PAYMENT,1613.2,C1488752876,22581.0,20967.8,M569279833,0.0,0.0,0,0
5843172,402,TRANSFER,336750.93,C1401156831,0.0,0.0,C869755614,2099717.78,2436468.71,0,0
5879143,403,CASH_OUT,77860.84,C851387487,0.0,0.0,C553983927,2688395.76,2766256.59,0,0
297127,15,CASH_OUT,407253.81,C806078929,0.0,0.0,C682180740,1727527.3,2134781.11,0,0
6305562,684,CASH_IN,516241.83,C1810611158,11490243.35,12006485.18,C684248792,4556016.53,4039774.7,0,0
5077936,355,PAYMENT,26321.79,C70368490,14754.0,0.0,M745693168,0.0,0.0,0,0
5134168,356,PAYMENT,5420.08,C2087570005,1271.71,0.0,M1757314472,0.0,0.0,0,0
3505079,259,PAYMENT,6074.23,C799940637,564.44,0.0,M1849257067,0.0,0.0,0,0
593094,33,CASH_IN,390956.0,C50056567,15154.0,406110.0,C1973964936,432721.1,41765.1,0,0
2754403,212,CASH_OUT,28279.1,C2127010121,41486.0,13206.9,C996263358,1239503.6,1267782.7,0,0
1910828,166,PAYMENT,1291.89,C1163993517,374405.0,373113.11,M722411260,0.0,0.0,0,0
599563,33,TRANSFER,62875.46,C464064391,0.0,0.0,C1885054032,170462.25,233337.71,0,0
5061267,354,PAYMENT,4908.83,C1852828335,0.0,0.0,M1963451827,0.0,0.0,0,0
2771388,213,CASH_IN,108686.49,C180075898,2789305.45,2897991.94,C1888536025,225639.62,116953.13,0,0
5111174,355,TRANSFER,444934.03,C840296470,0.0,0.0,C797661854,13334955.32,13779889.36,0,0
5004032,353,CASH_OUT,127538.13,C637364376,0.0,0.0,C119470060,1877976.56,2005514.69,0,0
5520928,380,CASH_OUT,134880.41,C2000852423,38054.0,0.0,C39129901,0.0,134880.41,0,0
5358848,375,CASH_OUT,64293.64,C1042971936,528.0,0.0,C813351927,0.0,64293.64,0,0
943573,43,CASH_OUT,18925.34,C1726164597,733.0,0.0,C1498576168,35926.27,54851.6,0,0
374089,17,PAYMENT,21811.03,C1989678523,0.0,0.0,M995107851,0.0,0.0,0,0
3575171,261,CASH_OUT,25153.53,C1490955444,69807.0,44653.47,C462051036,81187.29,106340.82,0,0
1117616,130,CASH_OUT,233541.68,C1521441915,0.0,0.0,C1224694905,1810057.29,2043598.97,0,0
5938593,404,CASH_OUT,187250.04,C446509542,0.0,0.0,C271053169,534566.04,721816.07,0,0
5438087,378,PAYMENT,25805.66,C249304123,0.0,0.0,M1294172505,0.0,0.0,0,0
6131344,542,CASH_IN,56403.97,C875842344,269445.0,325848.97,C334680634,2928694.84,2872290.88,0,0
2251724,187,TRANSFER,168356.3,C2036685128,0.0,0.0,C1234612952,9155957.45,9324313.75,0,0
526305,20,CASH_OUT,10883.22,C356861427,0.0,0.0,C308423707,869032.88,879916.1,0,0
3542458,260,CASH_IN,74371.48,C2026965003,1000.0,75371.48,C901863108,3286508.78,3212137.31,0,0
1910679,166,CASH_IN,2699.47,C419508754,3345833.65,3348533.12,C1565520208,7226322.22,7223622.75,0,0
3434399,256,TRANSFER,70696.74,C947315292,70696.74,0.0,C1485351052,0.0,0.0,1,0
2788127,215,PAYMENT,2331.05,C1091836403,1885.0,0.0,M1634492526,0.0,0.0,0,0
2132480,183,PAYMENT,4137.16,C1814332285,402411.98,398274.83,M1084537511,0.0,0.0,0,0
5942316,404,CASH_IN,21165.94,C839873499,42081.0,63246.94,C622292600,0.0,0.0,0,0
1734252,161,CASH_OUT,306576.04,C2063901300,0.0,0.0,C1986537321,879566.73,1186142.77,0,0
2452823,203,PAYMENT,2745.25,C491820851,10518.0,7772.75,M738070478,0.0,0.0,0,0
3849254,282,PAYMENT,23534.16,C2042730580,60660.18,37126.03,M117593276,0.0,0.0,0,0
4528069,326,PAYMENT,35454.6,C870023707,4119.56,0.0,M1581327752,0.0,0.0,0,0
4183519,304,TRANSFER,10000000.0,C1176689729,26406.0,0.0,C171174164,316285.45,19355637.47,0,0
949590,44,CASH_IN,63919.26,C1626087544,2368853.23,2432772.49,C1681682021,109512.22,45592.96,0,0
4753233,333,PAYMENT,30418.98,C780366182,0.0,0.0,M191762519,0.0,0.0,0,0
4614815,329,TRANSFER,1100548.53,C435697799,0.0,0.0,C2080781909,3176022.48,4369993.34,0,0
2403498,202,PAYMENT,1543.84,C1862074699,21099.0,19555.16,M669019781,0.0,0.0,0,0
670943,36,PAYMENT,25426.28,C719324137,100694.0,75267.72,M1424827922,0.0,0.0,0,0
4421532,322,CASH_OUT,256155.55,C1265931544,0.0,0.0,C1444629692,1459630.19,1715785.75,0,0
4526791,326,CASH_OUT,26584.26,C992122281,0.0,0.0,C734157965,1288599.54,1315183.8,0,0
3952187,287,PAYMENT,14310.1,C1291106170,152003.88,137693.78,M1927746268,0.0,0.0,0,0
3522362,259,CASH_IN,64507.79,C840780234,9605256.76,9669764.55,C541720410,1974194.53,1909686.74,0,0
5939626,404,CASH_OUT,301190.04,C917118920,903.0,0.0,C1486647513,840115.63,1141305.67,0,0
881089,42,CASH_OUT,418319.32,C994146331,15530.0,0.0,C777096170,1121840.1,1540159.42,0,0
2854315,227,TRANSFER,445704.26,C944697091,249904.52,0.0,C1126819840,1253066.38,1698770.63,0,0
4952182,351,TRANSFER,2195798.47,C1841602223,0.0,0.0,C1773739695,2844646.07,5040444.54,0,0
3683596,276,CASH_OUT,152140.24,C2073049789,0.0,0.0,C1332946875,197208.0,349348.25,0,0
2526097,205,PAYMENT,10174.85,C926942941,56027.0,45852.15,M753908960,0.0,0.0,0,0
666931,36,CASH_OUT,427820.07,C1195933849,1920.0,0.0,C757359107,9395037.47,10069836.1,0,0
118850,11,PAYMENT,18646.5,C22064557,3870.0,0.0,M714994808,0.0,0.0,0,0
756816,38,TRANSFER,926004.97,C95102727,32861.0,0.0,C1425817224,0.0,926004.97,0,0
2939914,230,PAYMENT,16535.1,C692419359,311705.23,295170.12,M1410287573,0.0,0.0,0,0
3922980,285,CASH_IN,219641.84,C1628335453,99577.0,319218.84,C813068350,10163.18,0.0,0,0
5042162,354,CASH_IN,79201.55,C923053527,15121150.85,15200352.4,C993571477,1453293.86,1374092.32,0,0
4169437,304,CASH_OUT,250149.41,C1300260258,124778.0,0.0,C1475950088,1560504.59,1810654.0,0,0
1399371,139,PAYMENT,10970.7,C1406196139,306433.46,295462.76,M716396398,0.0,0.0,0,0
1492888,142,CASH_OUT,213515.06,C630893374,0.0,0.0,C50317758,682741.43,896256.49,0,0
3083128,235,PAYMENT,7797.95,C1771808299,0.0,0.0,M122760556,0.0,0.0,0,0
1068962,121,CASH_IN,118992.3,C1951282772,10471071.61,10590063.92,C75616335,622499.78,503507.48,0,0
5668779,396,PAYMENT,7319.82,C896764560,0.0,0.0,M1963525050,0.0,0.0,0,0
2067531,181,CASH_IN,260549.61,C1721991039,291978.0,552527.61,C1554013690,2132526.35,1871976.74,0,0
6098260,522,PAYMENT,647.99,C1440537160,29670.9,29022.9,M767866939,0.0,0.0,0,0
6190682,571,CASH_IN,185726.62,C1074853571,39707.0,225433.62,C137740099,180815.83,0.0,0,0
4245919,306,CASH_IN,73730.58,C1000430629,686017.23,759747.82,C524066499,419880.07,346149.49,0,0
782661,39,CASH_OUT,26037.38,C949122979,0.0,0.0,C414386513,743957.68,769995.06,0,0
6217730,589,CASH_OUT,45480.37,C855009105,1046.0,0.0,C1909849710,2769310.34,2814790.71,0,0
1275039,135,CASH_OUT,180012.91,C557541608,29706.0,0.0,C2024781422,0.0,180012.91,0,0
2992255,232,PAYMENT,5089.26,C175776618,0.0,0.0,M525578360,0.0,0.0,0,0
1487656,142,PAYMENT,10151.5,C1116917871,20761.0,10609.5,M80485149,0.0,0.0,0,0
259668,14,CASH_OUT,191146.95,C802147055,0.0,0.0,C912798389,1487706.19,1678853.14,0,0
5476547,379,PAYMENT,741.35,C319602074,37975.0,37233.65,M1571480500,0.0,0.0,0,0
1220187,133,PAYMENT,22072.19,C1553640940,410096.0,388023.81,M202265672,0.0,0.0,0,0
845025,41,PAYMENT,231.33,C177850712,0.0,0.0,M864569576,0.0,0.0,0,0
1409827,139,CASH_IN,30243.15,C1954293998,106586.0,136829.15,C1764414678,494985.76,464742.61,0,0
6084841,522,CASH_OUT,43535.58,C1282441269,99319.0,55783.42,C25788616,0.0,43535.58,0,0
1419868,139,CASH_IN,267221.47,C2082443399,7692129.53,7959351.0,C521240772,442968.83,175747.36,0,0
4004825,298,PAYMENT,22578.89,C369250282,635.0,0.0,M1562993313,0.0,0.0,0,0
4797505,345,CASH_OUT,47616.53,C1563398749,0.0,0.0,C1324529828,24737145.38,24784761.91,0,0
900281,42,CASH_OUT,18248.87,C319524227,0.0,0.0,C176893684,213806.49,232055.36,0,0
6102049,524,PAYMENT,20041.93,C1514978981,309750.06,289708.13,M2077696303,0.0,0.0,0,0
5818137,401,PAYMENT,15369.73,C78831696,0.0,0.0,M505336740,0.0,0.0,0,0
402457,18,CASH_OUT,159817.83,C42391913,0.0,0.0,C368580540,1330762.33,1635287.78,0,0
5011926,353,CASH_OUT,55277.8,C1711408554,1036.0,0.0,C1823143082,681539.02,736816.82,0,0
6072227,514,PAYMENT,6427.74,C144229648,0.0,0.0,M234486136,0.0,0.0,0,0
2414142,202,PAYMENT,1132.39,C688944537,0.0,0.0,M1610931222,0.0,0.0,0,0
3291767,252,PAYMENT,26661.2,C38955515,5297.0,0.0,M1703136727,0.0,0.0,0,0
2135114,184,PAYMENT,10224.14,C95088116,130363.08,120138.94,M938250573,0.0,0.0,0,0
5004620,353,CASH_OUT,35293.23,C691970687,0.0,0.0,C5344808,251254.25,286547.48,0,0
2753591,212,PAYMENT,8907.58,C173777108,248448.0,239540.42,M1094600444,0.0,0.0,0,0
3567255,260,CASH_OUT,70526.63,C1456927704,0.0,0.0,C1246570230,387062.84,457589.47,0,0
3473130,258,CASH_OUT,76822.31,C662937753,0.0,0.0,C1312762848,382347.61,459169.92,0,0
3884618,283,CASH_OUT,85705.97,C541702037,52017.0,0.0,C234923930,0.0,85705.97,0,0
165904,12,CASH_OUT,62131.71,C640829459,20064.0,0.0,C1215697988,109848.0,191207.74,0,0
5660639,396,CASH_OUT,123400.44,C97243584,0.0,0.0,C122867614,4500451.39,4623851.84,0,0
5445252,379,CASH_OUT,90428.6,C777649019,11300.0,0.0,C1852561018,419001.96,509430.56,0,0
3500280,259,CASH_OUT,84897.54,C1510131933,0.0,0.0,C135510550,2373522.68,2458420.22,0,0
1425563,139,CASH_IN,16635.84,C835000277,15046.0,31681.84,C116678948,2045265.22,2028629.38,0,0
1887746,164,PAYMENT,5191.19,C8271787,309372.37,304181.18,M781761233,0.0,0.0,0,0
3134770,236,PAYMENT,8367.94,C760055792,0.0,0.0,M316439794,0.0,0.0,0,0
909894,43,CASH_IN,32835.92,C328471466,2672314.29,2705150.22,C1757809901,114020.44,122129.38,0,0
3572196,261,CASH_OUT,214891.91,C79732569,0.0,0.0,C1184674518,2537810.77,2752702.69,0,0
2922563,229,CASH_OUT,272699.99,C1288709254,0.0,0.0,C296732959,510339.98,783039.96,0,0
1621391,157,PAYMENT,11105.51,C69398852,175.0,0.0,M2102757519,0.0,0.0,0,0
1706357,160,CASH_OUT,24531.48,C376471492,10448.0,0.0,C231640704,614424.06,638955.53,0,0
4628688,329,TRANSFER,1028937.84,C1162365297,29543.0,0.0,C627161943,0.0,1028937.84,0,0
3932232,285,CASH_OUT,83588.73,C1105091205,211588.0,127999.27,C178441824,10035846.98,10119435.71,0,0
969274,44,TRANSFER,37318.18,C218420508,2472.0,0.0,C944581642,18172.81,55490.99,0,0
4948684,351,CASH_OUT,324338.76,C152234913,300809.26,0.0,C480209864,2268203.61,2592542.37,0,0
3297635,252,CASH_OUT,81772.81,C1573045057,231433.0,149660.19,C1896693831,0.0,81772.81,0,0
966032,44,CASH_IN,285264.45,C559421629,5352952.13,5638216.58,C802800115,2900502.02,2615237.58,0,0
4073419,300,CASH_IN,120396.06,C1948771748,2028034.73,2148430.79,C541130724,12356101.1,12235705.05,0,0
3604170,263,PAYMENT,4818.08,C51141659,176.0,0.0,M926816452,0.0,0.0,0,0
475256,19,PAYMENT,4223.17,C1282652795,26491.0,22267.83,M289236121,0.0,0.0,0,0
2257672,187,CASH_OUT,114857.89,C109678646,0.0,0.0,C2023907884,288572.45,403430.34,0,0
5842431,402,CASH_IN,394700.81,C1705147303,20246.0,414946.81,C269007396,258093.89,0.0,0,0
5629600,395,CASH_OUT,138088.82,C916446177,1079.8,0.0,C1817502900,4343175.59,4481264.4,0,0
4925472,350,PAYMENT,38665.61,C874060853,39698.0,1032.39,M1431893272,0.0,0.0,0,0
1404583,139,PAYMENT,7451.12,C1522839265,0.0,0.0,M668037791,0.0,0.0,0,0
3294063,252,CASH_OUT,427156.76,C664232325,21635.0,0.0,C90285221,3732720.76,4815782.04,0,0
1467105,140,PAYMENT,16699.02,C341224894,0.0,0.0,M1624129352,0.0,0.0,0,0
3385921,255,CASH_IN,120509.44,C781485956,15211860.76,15332370.2,C758974176,1074881.72,954372.28,0,0
4585139,328,PAYMENT,24620.93,C624059768,0.0,0.0,M566396070,0.0,0.0,0,0
1948442,177,CASH_IN,27166.96,C1963763643,368438.0,395604.96,C341038084,0.0,0.0,0,0
5527093,381,CASH_OUT,210427.91,C404273762,0.0,0.0,C1720401638,2734560.98,2944988.89,0,0
4081695,301,CASH_OUT,188868.17,C502782690,3356.0,0.0,C2107867730,630430.8,819298.97,0,0
3364748,254,CASH_OUT,241940.17,C488275213,10405.0,0.0,C841940980,0.0,241940.17,0,0
2018389,180,PAYMENT,6567.26,C1349455705,5934.0,0.0,M2119216080,0.0,0.0,0,0
4286954,307,CASH_OUT,216798.77,C1847827503,0.0,0.0,C230164482,864532.08,1081330.85,0,0
2008137,179,TRANSFER,28862.66,C1965401984,285431.0,256568.34,C1566323389,1992151.0,2021013.66,0,0
5754407,399,CASH_OUT,115132.29,C1774026315,30194.0,0.0,C1528273066,0.0,115132.29,0,0
2464832,203,CASH_OUT,17011.26,C2046215413,0.0,0.0,C1579470022,172104.96,189116.22,0,0
4949007,351,CASH_OUT,361248.21,C2110131908,9062.0,0.0,C866750366,0.0,361248.21,0,0
3904746,284,CASH_OUT,12610.27,C1213220218,0.0,0.0,C235936190,34049.51,46659.78,0,0
3728966,278,CASH_OUT,144727.06,C1644528217,418922.72,274195.67,C1822854098,3045961.3,3190688.36,0,0
5074765,355,PAYMENT,7339.17,C570422399,182590.15,175250.98,M1687551566,0.0,0.0,0,0
637937,35,CASH_IN,72400.73,C1102013783,4003198.12,4075598.85,C264891312,81900.32,9499.6,0,0
3969305,297,CASH_OUT,188165.03,C223539347,0.0,0.0,C548821529,3765510.99,3953676.01,0,0
2608404,208,CASH_IN,204247.76,C609797414,248.0,204495.76,C1994453768,117246.12,0.0,0,0
2002891,179,PAYMENT,13228.53,C420703395,81945.0,68716.47,M2103196253,0.0,0.0,0,0
3502645,259,PAYMENT,1455.44,C54281575,2965.0,1509.56,M403598170,0.0,0.0,0,0
5339632,374,PAYMENT,47705.61,C921372858,0.0,0.0,M313629780,0.0,0.0,0,0
529762,20,TRANSFER,156468.36,C1858198699,258370.41,101902.04,C490633619,3552175.37,3708643.73,0,0
925901,43,CASH_OUT,20518.16,C1174554210,0.0,0.0,C872973151,74457.47,94975.63,0,0
2694409,211,CASH_OUT,41440.66,C587830032,200931.0,159490.34,C1815990873,40641.75,82082.42,0,0
2144759,184,CASH_OUT,178496.91,C2100984671,25336.65,0.0,C36753629,1016806.05,1195302.96,0,0
2815676,225,PAYMENT,9992.62,C1738408819,0.0,0.0,M1196215292,0.0,0.0,0,0
1479443,141,CASH_OUT,94186.74,C1190399047,0.0,0.0,C2013981400,216984.8,311171.53,0,0
5855503,402,CASH_OUT,164497.65,C226266583,27371.0,0.0,C284544805,72901.12,237398.77,0,0
4683703,331,CASH_IN,26427.28,C1835245345,4030.0,30457.28,C466521859,5145271.37,5118844.09,0,0
4225935,306,PAYMENT,44851.27,C6313296,336088.06,291236.79,M779300638,0.0,0.0,0,0
5057818,354,PAYMENT,551.27,C1519557307,136440.48,135889.21,M564282356,0.0,0.0,0,0
5372709,376,TRANSFER,983527.28,C816756690,0.0,0.0,C1242457734,1132895.41,2116422.69,0,0
4386989,313,TRANSFER,222484.59,C699955118,0.0,0.0,C1951724793,869920.25,1092404.84,0,0
573236,24,PAYMENT,1322.25,C170217954,10336.0,9013.75,M475655863,0.0,0.0,0,0
5970566,406,PAYMENT,7716.31,C557358148,0.0,0.0,M1722383848,0.0,0.0,0,0
825755,41,CASH_OUT,248337.34,C709907717,135013.0,0.0,C1830512512,17591.04,265928.38,0,0
3790812,280,CASH_OUT,47707.57,C212009087,0.0,0.0,C939001366,93085.85,140793.42,0,0
2302784,188,CASH_OUT,283016.01,C839779527,701.0,0.0,C871294608,312605.11,595621.12,0,0
983563,44,CASH_OUT,143355.27,C1549203397,18062.91,0.0,C339411341,0.0,143355.27,0,0
3729416,278,CASH_IN,248151.75,C1756238134,6536807.28,6784959.04,C1315718762,6315365.99,6067214.24,0,0
730811,37,CASH_OUT,199528.86,C583331590,0.0,0.0,C1869225482,1480968.23,1680497.09,0,0
4689040,331,CASH_OUT,35138.0,C1209473859,3211.0,0.0,C2583161,1755282.49,2015860.53,0,0
1015053,46,CASH_OUT,213865.69,C509687181,0.0,0.0,C28731558,735270.13,949135.82,0,0
3847098,282,CASH_IN,26424.38,C3976742,8782.0,35206.38,C254125293,134807.09,108382.71,0,0
4732609,332,PAYMENT,6648.15,C1094606130,9015.0,2366.85,M397004554,0.0,0.0,0,0
1228296,133,TRANSFER,134923.65,C2046960739,167132.23,32208.57,C1863730960,553344.44,688268.09,0,0
773234,39,CASH_IN,188761.52,C837449267,7345097.28,7533858.8,C447381808,371665.04,182903.51,0,0
3100180,235,CASH_OUT,161494.1,C16104621,0.0,0.0,C848749064,173656.31,335150.41,0,0
2704136,211,CASH_IN,378396.64,C709540951,20800258.2,21178654.84,C727374896,2177288.8,1798892.16,0,0
548868,21,CASH_OUT,133454.66,C1486271023,0.0,0.0,C1966272198,989738.75,1123193.41,0,0
3418339,256,CASH_IN,11678.76,C575665052,403.0,12081.76,C1357568046,154180.93,142502.17,0,0
1628566,157,CASH_IN,136134.19,C280027756,9712477.19,9848611.39,C340705636,214131.07,110041.14,0,0
2888758,228,CASH_OUT,520321.65,C710085519,117040.07,0.0,C1388447638,1934999.59,2455321.24,0,0
342689,16,PAYMENT,1231.99,C1002131440,21417.0,20185.01,M1821813522,0.0,0.0,0,0
6090025,522,CASH_OUT,95519.73,C1523049682,30488.0,0.0,C27798866,0.0,95519.73,0,0
4747626,333,PAYMENT,13638.89,C1464757747,0.0,0.0,M2031270467,0.0,0.0,0,0
3796382,281,PAYMENT,6417.39,C1909879077,32809.28,26391.89,M1776126386,0.0,0.0,0,0
808436,40,PAYMENT,14369.94,C635039848,0.0,0.0,M557805071,0.0,0.0,0,0
3970950,297,CASH_IN,6670.53,C606037402,7468531.04,7475201.58,C255829104,340565.92,333895.39,0,0
6227972,592,CASH_OUT,31960.63,C1728160129,21617.0,0.0,C1979690957,0.0,31960.63,0,0
523906,20,CASH_OUT,88778.6,C1283554003,21615.0,0.0,C1270753312,1039250.09,1128028.69,0,0
3439930,257,CASH_OUT,61260.24,C234757534,59587.0,0.0,C1052170153,3499657.47,3560917.71,0,0
18081,8,CASH_IN,184526.57,C1765370396,1791879.35,1976405.92,C1023714065,2936744.23,8398562.84,0,0
1129314,131,PAYMENT,11885.08,C1107110716,32171.73,20286.64,M1441679867,0.0,0.0,0,0
4819764,346,CASH_IN,24312.15,C989875919,22416293.3,22440605.45,C1985058320,43178.44,18866.29,0,0
2327070,188,CASH_OUT,6413.01,C573364417,0.0,0.0,C2044829764,2520089.04,2526502.06,0,0
1868232,164,CASH_IN,247760.12,C1253642160,42425.0,290185.12,C1300293594,2467770.01,2220009.89,0,0
6288022,661,PAYMENT,4425.74,C1488088668,739.0,0.0,M63822448,0.0,0.0,0,0
1611133,156,PAYMENT,20209.04,C1707614301,0.0,0.0,M139377752,0.0,0.0,0,0
5680374,397,PAYMENT,12389.22,C317129347,0.0,0.0,M1442603143,0.0,0.0,0,0
1622670,157,CASH_OUT,212293.63,C1592829827,0.0,0.0,C1159196959,214136.99,426430.62,0,0
3315083,252,CASH_OUT,288173.35,C448025722,4640.0,0.0,C2127367830,3341989.84,3630163.19,0,0
1638416,157,PAYMENT,7861.94,C79660444,423024.0,415162.06,M1555701466,0.0,0.0,0,0
4694045,331,CASH_OUT,78117.69,C1018722759,0.0,0.0,C976750262,1567934.19,1646051.88,0,0
3073981,235,PAYMENT,33771.13,C2013367355,0.0,0.0,M2043771272,0.0,0.0,0,0
5271547,372,PAYMENT,579.39,C17680217,55163.0,54583.61,M1157868858,0.0,0.0,0,0
2099429,182,CASH_OUT,125490.33,C1657510214,0.0,0.0,C940918742,1405638.54,1531128.87,0,0
1503517,143,PAYMENT,7174.38,C567362236,433.0,0.0,M1248841242,0.0,0.0,0,0
1519241,153,CASH_OUT,66369.11,C1319057232,0.0,0.0,C708054672,1200105.56,3197884.95,0,0
4146645,303,CASH_IN,325274.09,C1272988604,5040.0,330314.09,C1157185070,79233.34,0.0,0,0
1524139,153,CASH_OUT,338119.79,C1162709854,0.0,0.0,C400199925,2778908.43,3117028.22,0,0
4416311,322,DEBIT,4045.19,C796620466,335.0,0.0,C1933418232,640091.41,644136.61,0,0
4000568,298,CASH_OUT,482319.73,C1190444021,0.0,0.0,C686079057,3435218.66,3917538.39,0,0
1918925,167,PAYMENT,10823.87,C811930031,0.0,0.0,M500734132,0.0,0.0,0,0
213666,13,TRANSFER,1145639.3,C1157745103,0.0,0.0,C2011561834,11597306.24,12742945.54,0,0
1409418,139,CASH_IN,54309.44,C1961576737,15147979.43,15202288.87,C359090492,1560830.29,1506520.85,0,0
4726832,332,CASH_IN,68877.27,C1303161852,42410.0,111287.27,C1520774547,520094.19,451216.92,0,0
4303758,307,PAYMENT,17687.78,C1560776030,26847.0,9159.22,M795088004,0.0,0.0,0,0
5534387,381,CASH_OUT,118040.48,C209133980,0.0,0.0,C449382513,2571390.46,2689430.93,0,0
4419388,322,CASH_IN,50526.03,C706282968,321286.85,371812.88,C221784238,113391.8,62865.77,0,0
2898894,228,CASH_OUT,185155.21,C1093200704,0.0,0.0,C1614666905,210521.45,395676.66,0,0
2703266,211,TRANSFER,637811.23,C1815468346,273687.0,0.0,C1627880642,13058.03,650869.26,0,0
3161723,237,CASH_OUT,223621.07,C1308555353,12387.0,0.0,C949150935,4015.39,227636.46,0,0
6099330,522,CASH_OUT,39470.11,C1264258809,67214.0,27743.89,C1283572162,0.0,39470.11,0,0
463236,19,PAYMENT,11043.27,C47093566,0.0,0.0,M499044804,0.0,0.0,0,0
3426916,256,PAYMENT,6427.51,C158501114,0.0,0.0,M2123428109,0.0,0.0,0,0
1317601,136,TRANSFER,206516.9,C1389719424,0.0,0.0,C1558281279,1030331.49,1236848.38,0,0
1076066,129,CASH_OUT,133796.17,C318200951,0.0,0.0,C2046542498,3840517.81,3974313.98,0,0
3441364,257,PAYMENT,1842.21,C384666535,985.01,0.0,M491081029,0.0,0.0,0,0
4673216,331,CASH_IN,146042.46,C242017302,748.0,146790.46,C822269129,178747.01,32704.56,0,0
3850006,282,CASH_OUT,102833.91,C1291491319,5517.0,0.0,C28430008,31121.66,133955.57,0,0
5467460,379,CASH_IN,391728.27,C639494513,7503165.73,7894894.0,C1706958394,630442.3,238714.03,0,0
4717508,332,CASH_OUT,56369.23,C46835701,0.0,0.0,C1601074977,321073.83,377443.05,0,0
2102741,182,PAYMENT,20896.74,C1022567581,30207.31,9310.57,M1281081666,0.0,0.0,0,0
1572258,155,CASH_OUT,119473.34,C775229700,0.0,0.0,C448770021,207605.91,327079.26,0,0
1622924,157,PAYMENT,11206.76,C880919507,0.0,0.0,M1926633707,0.0,0.0,0,0
3251195,251,CASH_OUT,644750.29,C1163556773,54040.0,0.0,C214144860,0.0,644750.29,0,0
3980025,297,CASH_OUT,228394.29,C457664669,0.0,0.0,C1149494540,7359372.59,7580255.95,0,0
1480606,141,CASH_OUT,45892.12,C2008865762,0.0,0.0,C1859764382,3969084.53,4014976.65,0,0
1569987,155,CASH_IN,544051.42,C1855223388,1677878.08,2221929.5,C30693190,3491158.11,2947106.69,0,0
2980683,231,CASH_IN,436634.98,C755818128,8925187.99,9361822.96,C576643509,3751414.85,3314779.87,0,0
2160039,184,CASH_OUT,57547.55,C612538619,0.0,0.0,C981542429,957203.97,1014751.52,0,0
2980469,231,CASH_OUT,496206.47,C385286781,6217.0,0.0,C989670935,10516477.05,11012683.51,0,0
857101,41,CASH_IN,60173.19,C305230514,34602.0,94775.19,C1983291679,103683.29,43510.1,0,0
3048174,234,CASH_OUT,175284.97,C898854348,10584.0,0.0,C1827105599,0.0,175284.97,0,0
1143278,131,CASH_OUT,333401.74,C1084318318,0.0,0.0,C1781090157,10853764.16,11187165.9,0,0
5675873,397,PAYMENT,25098.68,C305142254,31278.0,6179.32,M165237554,0.0,0.0,0,0
3613404,273,CASH_OUT,80753.46,C209983525,0.0,0.0,C446056713,973076.12,1053829.58,0,0
3632919,274,CASH_OUT,341368.04,C68839586,0.0,0.0,C174789259,644212.54,985580.58,0,0
1522004,153,CASH_OUT,265643.47,C593997235,0.0,0.0,C1085922461,1539114.95,1862231.87,0,0
138900,11,CASH_IN,64393.64,C1226182443,1222133.56,1286527.21,C261489134,338242.81,273849.16,0,0
5285052,372,CASH_OUT,150954.16,C1466778300,0.0,0.0,C349766947,630996.88,781951.04,0,0
4416443,322,TRANSFER,2362310.22,C1392397204,20309.0,0.0,C1741700493,5385440.95,7747751.16,0,0
2205586,186,CASH_OUT,72026.55,C1156677583,15125.0,0.0,C876750285,738695.34,810721.89,0,0
3199637,249,PAYMENT,2254.24,C1061105879,0.0,0.0,M931989942,0.0,0.0,0,0
248815,14,TRANSFER,850201.16,C1578051615,0.0,0.0,C1940881107,1550041.54,3391084.32,0,0
3566028,260,PAYMENT,5088.68,C1453912492,10414.0,5325.32,M665099121,0.0,0.0,0,0
2847307,227,CASH_IN,53874.12,C260865354,6139507.25,6193381.38,C128227069,950495.21,896621.09,0,0
2136593,184,PAYMENT,9484.72,C656658326,25343.0,15858.28,M1113159075,0.0,0.0,0,0
4364496,310,CASH_OUT,123582.95,C299372303,4559.0,0.0,C734207537,2429.58,126012.53,0,0
5612330,395,PAYMENT,11153.6,C871297532,543.0,0.0,M1400610780,0.0,0.0,0,0
5205296,370,CASH_OUT,69380.57,C704881138,24616.0,0.0,C421862227,502128.2,571508.77,0,0
4961163,351,CASH_OUT,172164.93,C1942393658,7946.41,0.0,C740411740,257523.37,429688.29,0,0
4633992,330,CASH_OUT,305875.18,C797240675,0.0,0.0,C1386785907,2215889.34,2521764.52,0,0
2256990,187,CASH_OUT,372310.98,C698437687,496340.0,124029.02,C453898501,6911517.98,7283828.96,0,0
802352,40,CASH_IN,409705.52,C1877975258,11859.0,421564.52,C1119868453,1223216.19,813510.67,0,0
4332386,308,PAYMENT,4853.79,C1723735679,0.0,0.0,M1929307670,0.0,0.0,0,0
3598927,263,CASH_IN,390988.32,C518488181,559686.67,950674.99,C708006106,900626.26,509637.94,0,0
1582832,155,TRANSFER,671497.92,C446257596,0.0,0.0,C680695681,678207.55,1349705.47,0,0
1168177,132,PAYMENT,15651.61,C1430501640,0.0,0.0,M931475869,0.0,0.0,0,0
3025896,233,PAYMENT,8535.52,C918304235,5034.0,0.0,M1347653676,0.0,0.0,0,0
943431,43,CASH_OUT,16899.9,C470349654,0.0,0.0,C1620772527,106741.0,107113.89,0,0
2057868,181,CASH_OUT,70291.99,C1735787810,0.0,0.0,C809095140,961418.99,1343393.61,0,0
815339,40,CASH_OUT,253294.8,C972508473,0.0,0.0,C497764324,473049.24,726344.04,0,0
1262166,134,PAYMENT,19811.83,C593646026,0.0,0.0,M656911224,0.0,0.0,0,0
5522740,380,PAYMENT,52297.01,C1464923559,0.0,0.0,M958427830,0.0,0.0,0,0
4432315,322,PAYMENT,16170.03,C1760957465,16510.73,340.7,M1676971482,0.0,0.0,0,0
2065261,181,CASH_OUT,164185.92,C1281291188,100397.0,0.0,C443899539,13204.38,177390.3,0,0
3337309,253,CASH_OUT,96814.92,C876549511,0.0,0.0,C1459593753,1607329.85,1704144.76,0,0
4208522,305,CASH_OUT,131958.6,C496545628,381689.4,249730.81,C1576036401,3163601.87,3295560.47,0,0
791580,40,PAYMENT,1466.37,C1088325385,134816.19,133349.82,M755898122,0.0,0.0,0,0
2910029,229,CASH_OUT,120734.78,C782097890,0.0,0.0,C1165140281,6810863.0,6931597.78,0,0
193043,13,CASH_OUT,294038.91,C666966737,0.0,0.0,C1701364031,1091055.38,1385094.29,0,0
3899279,284,CASH_IN,94844.23,C2099438102,23939.0,118783.23,C14525897,354030.56,259186.34,0,0
2699189,211,CASH_OUT,27316.67,C24789047,161859.0,134542.33,C423831225,0.0,27316.67,0,0
854392,41,CASH_OUT,425400.13,C1103353934,150698.0,0.0,C745359410,949156.53,1648939.92,0,0
871073,42,PAYMENT,2309.99,C344791033,19451.93,17141.94,M1759923458,0.0,0.0,0,0
1385457,138,TRANSFER,444551.19,C2105093764,0.0,0.0,C1307826230,3278432.08,3722983.27,0,0
1816563,163,PAYMENT,2547.49,C689286464,0.0,0.0,M1447101228,0.0,0.0,0,0
6100319,522,DEBIT,788.89,C1103593710,47119.04,46330.15,C2118689464,611790.25,612579.14,0,0
494342,20,PAYMENT,7154.33,C42358462,13275.0,6120.67,M1066040681,0.0,0.0,0,0
1615528,156,PAYMENT,781.7,C574564988,0.0,0.0,M1594434995,0.0,0.0,0,0
998977,45,TRANSFER,714246.56,C914603201,0.0,0.0,C1568715360,2273736.7,2987983.26,0,0
3390419,255,PAYMENT,16314.86,C845099761,54257.84,37942.99,M913834802,0.0,0.0,0,0
1642533,157,CASH_OUT,65641.58,C562084189,0.0,0.0,C1361218157,721928.21,787569.79,0,0
4119827,302,TRANSFER,1656507.51,C874536517,7018.0,0.0,C478079354,176133.3,1832640.81,0,0
5728978,399,CASH_OUT,338503.76,C95427914,0.0,0.0,C1906425270,3394107.37,3732611.13,0,0
1640707,157,CASH_OUT,263453.47,C1748551260,102126.0,0.0,C786946845,8886064.54,9149518.01,0,0
2930092,229,CASH_OUT,186762.99,C1326994743,0.0,0.0,C1155435075,1176201.38,1362964.37,0,0
1346820,137,CASH_IN,78221.96,C441547025,3329901.64,3408123.6,C114730398,5641738.94,5563516.98,0,0
610687,34,PAYMENT,26382.78,C7390440,68067.0,41684.22,M186141042,0.0,0.0,0,0
3237819,250,CASH_IN,269539.24,C137607506,0.0,269539.24,C210166610,480310.68,210771.44,0,0
1502482,143,PAYMENT,5103.7,C1238024156,9365.0,4261.3,M746107271,0.0,0.0,0,0
6103897,525,PAYMENT,37961.2,C929265793,0.0,0.0,M845770583,0.0,0.0,0,0
2456209,203,PAYMENT,14734.97,C343034665,153897.13,139162.16,M1314526200,0.0,0.0,0,0
2517199,205,CASH_IN,125422.37,C1349254506,34856.13,160278.49,C1451959899,0.0,0.0,0,0
317634,16,CASH_IN,90269.81,C124557167,16718.0,106987.81,C581968038,0.0,0.0,0,0
209533,13,PAYMENT,4984.11,C1322366301,0.0,0.0,M547479577,0.0,0.0,0,0
974688,44,TRANSFER,108201.95,C912732815,398458.0,290256.05,C2125686014,39522.25,147724.2,0,0
5348821,375,PAYMENT,18410.34,C606020203,279413.1,261002.77,M735854160,0.0,0.0,0,0
1948986,177,PAYMENT,22196.81,C752715480,431201.95,409005.14,M308234411,0.0,0.0,0,0
1053806,96,PAYMENT,1004.94,C2006364754,69717.0,68712.06,M1140383588,0.0,0.0,0,0
1098119,130,PAYMENT,14800.4,C1104935498,0.0,0.0,M2027639620,0.0,0.0,0,0
1268424,135,PAYMENT,6602.41,C2058765086,0.0,0.0,M626597654,0.0,0.0,0,0
2417921,202,PAYMENT,9255.79,C1075191718,0.0,0.0,M2039888318,0.0,0.0,0,0
5972758,407,CASH_IN,292622.47,C92009099,10855359.0,11147981.47,C1893345841,490709.28,198086.81,0,0
705975,37,PAYMENT,3445.39,C1389039309,130465.75,127020.36,M118213582,0.0,0.0,0,0
3314636,252,PAYMENT,54687.7,C1309710788,13179.0,0.0,M2107796034,0.0,0.0,0,0
1903022,165,CASH_IN,151680.67,C204120142,905355.92,1057036.59,C524793924,183380.88,31700.21,0,0
1644416,157,CASH_IN,335639.17,C1363417191,6045.0,341684.17,C747886585,0.0,0.0,0,0
3388436,255,PAYMENT,22238.8,C679336914,0.0,0.0,M613272760,0.0,0.0,0,0
5656438,396,CASH_OUT,250533.13,C1338683543,34685.0,0.0,C1390482743,0.0,250533.13,0,0
3512804,259,PAYMENT,7439.49,C1969702071,82469.94,75030.45,M372029067,0.0,0.0,0,0
6160664,549,PAYMENT,15369.48,C1858991344,0.0,0.0,M1505270921,0.0,0.0,0,0
5771223,400,CASH_IN,133318.67,C1661920591,5274663.74,5407982.41,C214266531,520954.27,387635.6,0,0
4520082,325,CASH_OUT,91347.36,C22727708,0.0,0.0,C1875507416,1187285.56,1383888.13,0,0
4150368,303,CASH_OUT,103411.06,C1768522895,4931.0,0.0,C950910855,2042926.33,2146337.38,0,0
1844810,163,CASH_OUT,296012.28,C1547147430,0.0,0.0,C692921734,9240691.96,9536704.24,0,0
4143063,303,CASH_IN,186076.18,C1783850977,5889.0,191965.18,C1030211012,163304.71,0.0,0,0
1403338,139,CASH_OUT,46318.6,C382886482,199069.0,152750.4,C1629339780,189818.13,236136.73,0,0
3360023,254,PAYMENT,7580.67,C1088222929,5520.83,0.0,M1673687468,0.0,0.0,0,0
4259006,306,PAYMENT,16469.31,C1216795167,138934.46,122465.15,M799763605,0.0,0.0,0,0
1984120,179,CASH_OUT,122138.51,C403813279,99243.0,0.0,C106827509,343995.92,748493.84,0,0
4142369,303,CASH_OUT,289712.64,C1470911731,6684.0,0.0,C1808309177,0.0,289712.64,0,0
4817009,346,PAYMENT,15780.64,C1674816707,151467.72,135687.09,M1805623387,0.0,0.0,0,0
4102857,301,TRANSFER,16979.98,C508490608,0.0,0.0,C782860253,347582.76,364562.74,0,0
4998660,353,CASH_OUT,214654.97,C418026238,0.0,0.0,C548025730,4603588.48,4818243.46,0,0
4983785,352,PAYMENT,12268.59,C83323584,418845.38,406576.79,M566703721,0.0,0.0,0,0
4215457,305,CASH_OUT,15580.49,C355889208,0.0,0.0,C1010354208,3887789.19,3903369.68,0,0
427997,18,CASH_OUT,272532.48,C1844990446,11680.0,0.0,C1771936820,20613.0,37426.64,0,0
4964667,351,CASH_IN,301407.24,C173884170,6134391.24,6435798.48,C2140788335,843162.68,541755.44,0,0
5597356,394,CASH_OUT,47702.93,C1582023971,23102.0,0.0,C1239072332,2691631.47,2739334.4,0,0
1453752,140,PAYMENT,13673.14,C824386396,124666.0,110992.86,M1605170540,0.0,0.0,0,0
6209303,587,TRANSFER,1867662.04,C1769583348,312709.0,0.0,C152421256,896448.72,2764110.77,0,0
290139,15,CASH_IN,2058.96,C1716506166,8195920.19,8197979.16,C1786037431,206630.86,204571.9,0,0
6317659,687,TRANSFER,1090949.65,C283699312,0.0,0.0,C567756386,2348163.02,3439112.67,0,0
1905436,165,PAYMENT,8012.12,C555859565,39817.0,31804.88,M1558657664,0.0,0.0,0,0
1260680,134,CASH_OUT,8659.69,C1186852408,0.0,0.0,C619979126,600526.18,609185.87,0,0
5565907,393,TRANSFER,266793.9,C1336377862,0.0,0.0,C50060430,4185749.99,4452543.89,0,0
999571,45,TRANSFER,47204.85,C385843101,0.0,0.0,C1770233354,758643.56,805848.41,0,0
2047022,181,CASH_OUT,329091.32,C838679372,41578.0,0.0,C1524618218,2216514.12,2545605.44,0,0
2248536,187,CASH_IN,299870.86,C238634324,72485.0,372355.86,C186116290,0.0,0.0,0,0
2097997,182,CASH_OUT,55491.6,C1743556045,0.0,0.0,C1382326459,1806836.56,1862328.16,0,0
2483361,204,TRANSFER,613943.9,C454917148,669325.57,55381.68,C1234184684,21368.92,635312.82,0,0
1943710,177,CASH_OUT,68356.44,C1407412885,0.0,0.0,C536202878,72875.0,0.0,0,0
3008192,232,CASH_IN,246074.71,C1909115061,4599269.62,4845344.33,C1593029711,1495341.21,1249266.5,0,0
3876067,283,PAYMENT,2073.23,C1616531562,0.0,0.0,M1069198475,0.0,0.0,0,0
4099627,301,CASH_OUT,65056.06,C1636428991,220682.0,155625.94,C65060039,1401100.89,1466156.95,0,0
1968056,178,CASH_OUT,98187.73,C189479298,38307.0,0.0,C716167666,0.0,98187.73,0,0
2901193,228,CASH_IN,7321.0,C298199291,1232196.75,1239517.75,C304118139,317547.16,310226.16,0,0
4203092,305,PAYMENT,948.09,C256217866,0.0,0.0,M1849601804,0.0,0.0,0,0
4797067,345,TRANSFER,433004.9,C806044491,0.0,0.0,C2106869977,595075.78,1028080.67,0,0
2913315,229,CASH_OUT,9349.52,C1854782839,103651.0,94301.48,C768885325,2816783.63,2826133.15,0,0
1729452,160,CASH_OUT,134277.6,C1777782478,420416.0,286138.4,C210218671,601109.99,735387.59,0,0
2352805,189,PAYMENT,3450.8,C423886174,51340.0,47889.2,M195382118,0.0,0.0,0,0
49000,9,CASH_OUT,247203.91,C1511502793,0.0,0.0,C920011586,334487.68,815835.58,0,0
4950991,351,CASH_IN,66009.2,C1698411495,4220766.69,4286775.89,C1615766705,1415508.09,1349498.89,0,0
5229408,371,PAYMENT,35372.24,C1126391776,0.0,0.0,M2139773798,0.0,0.0,0,0
5501978,380,CASH_OUT,206909.08,C1864573637,0.0,0.0,C223771472,1241826.82,1448735.9,0,0
5422598,378,TRANSFER,3589.38,C2018229565,0.0,0.0,C811991797,251905.29,255494.67,0,0
1502839,143,PAYMENT,23653.18,C1707163788,0.0,0.0,M381489306,0.0,0.0,0,0
6074942,517,PAYMENT,689.97,C1068598860,95406.56,94716.6,M437770294,0.0,0.0,0,0
1491390,142,PAYMENT,2164.07,C161822043,4148.0,1983.93,M887058061,0.0,0.0,0,0
1101228,130,CASH_IN,192497.49,C488683072,123828.0,316325.49,C243254615,484656.0,58010.64,0,0
5952391,405,CASH_IN,264004.86,C675641284,4622854.52,4886859.38,C1888546828,568605.98,304601.13,0,0
1143189,131,CASH_OUT,30953.64,C1619051481,92784.0,61830.36,C766119233,58230.59,89184.24,0,0
5340210,374,PAYMENT,3756.29,C847454529,11044.0,7287.71,M612842585,0.0,0.0,0,0
2558598,206,CASH_IN,216529.78,C2114410474,3439632.84,3656162.61,C1893235400,363067.43,146537.66,0,0
1627696,157,PAYMENT,26441.9,C172849748,10830.0,0.0,M60902966,0.0,0.0,0,0
2281112,187,PAYMENT,1564.19,C1112446561,0.0,0.0,M1151683232,0.0,0.0,0,0
5323360,374,PAYMENT,14676.71,C1988283719,0.0,0.0,M1014803975,0.0,0.0,0,0
4207572,305,CASH_IN,303327.48,C727314717,231.0,303558.48,C146680149,0.0,0.0,0,0
3609122,265,PAYMENT,2762.59,C922632700,21748.5,18985.91,M381009760,0.0,0.0,0,0
326374,16,CASH_IN,153171.37,C208294853,325658.48,478829.85,C560044727,161958.28,100432.77,0,0
5175852,359,PAYMENT,1409.15,C1214670755,10834.0,9424.85,M722563801,0.0,0.0,0,0
1696043,159,PAYMENT,1060.54,C1165218046,324588.53,323528.0,M1380751325,0.0,0.0,0,0
2227952,186,CASH_OUT,6688.93,C844989965,112228.6,105539.67,C2075422248,855950.54,862639.47,0,0
4800722,346,PAYMENT,34124.03,C1684568373,221278.4,187154.37,M1196168863,0.0,0.0,0,0
4918291,350,CASH_OUT,127498.27,C2127669236,54617.0,0.0,C1186923793,42682.73,366302.87,0,0
2091569,182,TRANSFER,1118727.25,C20442689,21715.0,0.0,C1849204616,167309.58,1286036.83,0,0
5267300,372,CASH_IN,60658.23,C830589991,50791.0,111449.23,C275515290,74911.67,14253.44,0,0
1963724,178,CASH_OUT,353535.27,C1589556585,20019.0,0.0,C348206384,4616670.66,4970205.93,0,0
2445208,203,CASH_OUT,25307.62,C659618704,0.0,0.0,C15310404,133703.53,159011.15,0,0
2755500,212,CASH_OUT,63911.4,C509093918,1832.0,0.0,C203037106,3293205.97,3357117.36,0,0
2419577,202,CASH_IN,240642.16,C1695687297,1978869.71,2219511.87,C229766127,819310.83,578668.67,0,0
3826182,282,CASH_IN,31872.31,C1416349254,6826943.54,6858815.85,C1638721847,569099.43,537227.12,0,0
2814048,225,CASH_OUT,33047.78,C1549993040,0.0,0.0,C1073295007,66099.13,99146.91,0,0
1334466,137,CASH_OUT,73644.45,C383335566,581136.67,507492.22,C2081153634,597057.76,670702.2,0,0
1697424,159,CASH_IN,109502.0,C1362070507,924302.01,1033804.01,C282673740,303945.89,194443.89,0,0
1880116,164,CASH_IN,116525.55,C1590180862,3254417.29,3370942.85,C557097388,2751688.77,2635163.22,0,0
294963,15,CASH_IN,132988.29,C921290080,122522.0,255510.29,C1061166911,0.0,0.0,0,0
1671343,158,CASH_IN,14760.44,C1741068217,101399.0,116159.44,C1965847730,847866.38,833105.94,0,0
3587120,262,PAYMENT,2912.52,C995659210,10486.0,7573.48,M1053358543,0.0,0.0,0,0
191418,13,CASH_IN,163275.42,C364356028,223619.75,386895.16,C119206855,101468.57,0.0,0,0
5103629,355,CASH_OUT,9009.4,C1322619648,49701.0,40691.6,C371547224,2011765.85,2020775.26,0,0
1874239,164,CASH_OUT,66890.3,C1828302293,65452.0,0.0,C1657161212,1126335.92,1193226.22,0,0
1554450,154,PAYMENT,2173.84,C1902626615,106252.0,104078.16,M1529471489,0.0,0.0,0,0
4186003,305,CASH_OUT,41492.41,C1921715540,155825.0,114332.59,C2075322777,962034.73,1003527.14,0,0
78097,10,PAYMENT,19426.83,C733140976,100825.0,81398.17,M1821300963,0.0,0.0,0,0
5241457,371,PAYMENT,5300.38,C1095873822,10177.0,4876.62,M610103737,0.0,0.0,0,0
6235854,594,CASH_OUT,55450.14,C1432080158,4319.0,0.0,C675238195,33511.64,88961.77,0,0
2880021,228,PAYMENT,8736.3,C1447807931,51634.72,42898.42,M1501449900,0.0,0.0,0,0
1996354,179,CASH_IN,47918.7,C1831467538,11774260.66,11822179.36,C1400338441,164102.75,116184.04,0,0
3720488,278,PAYMENT,2555.89,C1990251614,802.8,0.0,M1718800753,0.0,0.0,0,0
4077109,301,CASH_IN,259530.04,C1311127822,8154156.83,8413686.86,C2078036013,589632.53,330102.49,0,0
5125052,356,CASH_OUT,38910.75,C662817616,0.0,0.0,C533023916,84942.21,123852.97,0,0
6004117,428,CASH_OUT,69417.87,C165085939,0.0,0.0,C683228323,2944342.5,3013760.37,0,0
3137121,236,CASH_OUT,1418198.25,C1959028014,1418198.25,0.0,C1768881872,1488632.5,2906830.75,1,0
4871784,348,TRANSFER,2050436.49,C1057142655,11283.0,0.0,C527037184,0.0,2050436.49,0,0
1163919,132,CASH_IN,202221.66,C1364479698,154.0,202375.66,C1450080654,0.0,0.0,0,0
2102372,182,CASH_OUT,355513.66,C878967967,51437.0,0.0,C1825201059,194339.09,667984.83,0,0
4051275,300,PAYMENT,19543.42,C122735505,0.0,0.0,M1305463434,0.0,0.0,0,0
2542854,206,CASH_OUT,99918.71,C393147994,0.0,0.0,C1531167406,6877898.96,6977817.67,0,0
689130,36,PAYMENT,5917.09,C958939210,278289.27,272372.18,M1735075137,0.0,0.0,0,0
2731061,212,CASH_IN,52781.55,C1868569794,10866249.77,10919031.33,C1264851251,7129929.12,7077147.57,0,0
4643273,330,TRANSFER,545470.4,C78606668,84526.9,0.0,C940947956,4324353.23,4869823.63,0,0
1847985,163,PAYMENT,12198.65,C1524793834,0.0,0.0,M1065980947,0.0,0.0,0,0
2306683,188,CASH_IN,199165.61,C1237149943,34479087.72,34678253.34,C1783451550,304152.71,104987.1,0,0
4048866,300,CASH_IN,408338.86,C1748854456,107534.0,515872.86,C137435466,546964.24,138625.38,0,0
2117646,183,PAYMENT,11552.03,C2023917125,0.0,0.0,M2027469719,0.0,0.0,0,0
1272533,135,PAYMENT,643.03,C1064515938,24319.0,23675.97,M466831106,0.0,0.0,0,0
1277132,135,CASH_OUT,40768.59,C1949451982,9076.0,0.0,C2092944463,2051596.99,2092365.58,0,0
3698255,277,CASH_IN,230492.55,C89047699,177.0,230669.55,C1031990934,554831.69,324339.14,0,0
533256,21,PAYMENT,5806.96,C525198276,101024.0,95217.04,M418350598,0.0,0.0,0,0
201735,13,CASH_IN,27967.93,C808266229,278960.0,306927.93,C1620027342,0.0,0.0,0,0
718283,37,CASH_IN,47130.42,C1440618310,22770729.07,22817859.49,C1573835585,91748.16,44617.74,0,0
2196825,185,PAYMENT,8575.51,C1122084499,11366.0,2790.49,M142431991,0.0,0.0,0,0
2121886,183,CASH_IN,172957.35,C1581950503,4155432.23,4328389.58,C456317468,1056263.63,883306.28,0,0
3871643,283,PAYMENT,3305.86,C1407700584,535625.0,532319.14,M1048475542,0.0,0.0,0,0
5031114,354,CASH_OUT,37523.71,C1150492520,0.0,0.0,C823446794,70293.87,107817.58,0,0
1048709,95,PAYMENT,4115.0,C1457977756,11469.0,7354.0,M191736089,0.0,0.0,0,0
4667169,330,CASH_IN,377085.1,C524874250,6128.0,383213.1,C1636644868,0.0,0.0,0,0
3506476,259,CASH_IN,131605.73,C890239965,40565.0,172170.73,C961880248,127662.95,0.0,0,0
5139863,356,DEBIT,1295.08,C1864604959,0.0,0.0,C1638152295,4197161.03,4198456.11,0,0
1316802,136,PAYMENT,14613.61,C518371405,49995.0,35381.39,M1973538012,0.0,0.0,0,0
423167,18,CASH_OUT,354501.03,C1752673153,0.0,0.0,C1854117293,4729485.87,7536046.28,0,0
866078,42,PAYMENT,9971.95,C216532374,11317.0,1345.05,M1246267566,0.0,0.0,0,0
1544586,154,CASH_IN,211067.79,C1534257791,15317.0,226384.79,C776097790,0.0,0.0,0,0
794743,40,PAYMENT,1156.65,C417091810,0.0,0.0,M1820614070,0.0,0.0,0,0
5276792,372,CASH_IN,1820.01,C2050244064,21407.0,23227.01,C1152529225,223204.46,221384.45,0,0
1262540,134,PAYMENT,3612.2,C1637826745,0.0,0.0,M1180217298,0.0,0.0,0,0
6199493,574,CASH_IN,117419.33,C929435596,10516.0,127935.33,C459598962,176880.37,59461.03,0,0
5858309,402,CASH_OUT,116316.61,C62277127,0.0,0.0,C660325404,572632.21,688948.82,0,0
5317332,374,CASH_OUT,251820.51,C1324855639,47806.0,0.0,C1075906603,0.0,251820.51,0,0
4820182,346,PAYMENT,4155.47,C544669488,97536.19,93380.72,M655925774,0.0,0.0,0,0
3204430,249,PAYMENT,1512.16,C1237876218,502103.0,500590.84,M1696248539,0.0,0.0,0,0
292714,15,PAYMENT,23524.71,C1400137607,311362.32,287837.61,M945209583,0.0,0.0,0,0
5849704,402,TRANSFER,648963.87,C737910112,20896.0,0.0,C43835212,0.0,648963.87,0,0
5082580,355,CASH_OUT,66281.51,C1824830106,34875.0,0.0,C667065976,11516700.54,11582982.05,0,0
5419102,378,PAYMENT,998.02,C739795868,0.0,0.0,M828901214,0.0,0.0,0,0
835032,41,CASH_IN,29306.82,C1028376705,433268.0,462574.82,C1616654053,0.0,0.0,0,0
3767711,280,CASH_IN,90744.07,C1630560931,1174.0,91918.07,C1575199521,172568.75,81824.67,0,0
5551074,383,PAYMENT,3793.69,C1862003657,21361.0,17567.31,M1492475049,0.0,0.0,0,0
3083352,235,CASH_IN,92811.73,C2115389415,7129194.67,7222006.4,C234329507,651776.83,558965.1,0,0
1327870,137,PAYMENT,19379.15,C416094122,136.0,0.0,M187300479,0.0,0.0,0,0
4947480,351,TRANSFER,249805.64,C970984187,0.0,0.0,C146336589,263484.35,513289.99,0,0
1262989,134,CASH_OUT,13262.05,C2003403904,22185.0,8922.95,C382648630,1739735.84,1752997.89,0,0
2796574,216,PAYMENT,9178.24,C1010863763,35.0,0.0,M372623332,0.0,0.0,0,0
606262,34,CASH_OUT,163399.83,C1855251003,45255.0,0.0,C53576395,125513.81,552011.59,0,0
5922895,404,CASH_OUT,91172.49,C1228028568,388721.08,297548.59,C1921647618,186000.47,277172.96,0,0
2799036,217,CASH_IN,1573.04,C583932247,1953605.29,1955178.34,C1355127414,149006.43,147433.39,0,0
43469,9,PAYMENT,2234.16,C1313920043,832354.0,830119.84,M1993110342,0.0,0.0,0,0
4651701,330,PAYMENT,25110.15,C1831512527,42269.0,17158.85,M196316619,0.0,0.0,0,0
1154634,131,PAYMENT,3539.47,C98533961,226569.59,223030.13,M1904603138,0.0,0.0,0,0
6118407,534,PAYMENT,1012.84,C2075050144,806138.0,805125.16,M1122709319,0.0,0.0,0,0
2470537,204,CASH_OUT,150548.18,C1993786975,12695.0,0.0,C1854370606,452822.76,603370.95,0,0
4690819,331,CASH_OUT,197552.59,C2082513424,0.0,0.0,C868541828,489222.05,686774.65,0,0
4320100,308,CASH_OUT,40262.9,C907476989,6664.0,0.0,C325114194,14876.63,55139.53,0,0
4130162,302,PAYMENT,11000.89,C1799588629,121984.0,110983.11,M196788349,0.0,0.0,0,0
6102558,524,PAYMENT,21921.98,C999279184,32121.0,10199.02,M1927699598,0.0,0.0,0,0
2954063,230,CASH_IN,52406.08,C2046953571,5304981.46,5357387.54,C2060119509,1371815.97,1319409.89,0,0
6089413,522,PAYMENT,5274.67,C1082615029,126363.97,121089.3,M1641629604,0.0,0.0,0,0
3285104,252,CASH_OUT,285968.38,C1959026357,155.0,0.0,C256788335,0.0,285968.38,0,0
4426682,322,CASH_IN,334726.79,C953810034,125339.0,460065.79,C1395670954,77771.44,0.0,0,0
4244853,306,TRANSFER,1076910.09,C741904236,69481.0,0.0,C1718131652,0.0,1076910.09,0,0
1664059,158,CASH_IN,130699.07,C110841651,6546352.61,6677051.68,C1100374953,1442200.62,1311501.55,0,0
6116119,527,PAYMENT,4056.23,C838869647,0.0,0.0,M1398984534,0.0,0.0,0,0
796296,40,CASH_IN,384083.5,C1524641371,571668.42,955751.91,C495599676,1525515.23,1141431.73,0,0
5748650,399,CASH_OUT,34204.58,C1444319709,41374.0,7169.42,C144230204,0.0,34204.58,0,0
4776250,335,PAYMENT,1003.33,C1627770841,101550.0,100546.67,M1860201922,0.0,0.0,0,0
1758351,161,CASH_IN,315572.34,C583118590,0.0,315572.34,C643585161,4080029.47,3764457.13,0,0
5013180,353,CASH_OUT,313722.21,C1174324557,173183.0,0.0,C70287901,0.0,313722.21,0,0
5617941,395,CASH_OUT,371743.07,C1284558378,166627.0,0.0,C1018336712,1810527.85,2182270.92,0,0
4878149,348,PAYMENT,53496.75,C1690768643,484447.93,430951.18,M630400274,0.0,0.0,0,0
5680074,397,PAYMENT,40897.22,C1899221116,50164.0,9266.78,M1818913521,0.0,0.0,0,0
531119,20,PAYMENT,25123.55,C553496538,186333.97,161210.43,M1059149435,0.0,0.0,0,0
5629142,395,CASH_OUT,168354.42,C2138480365,0.0,0.0,C312415873,580787.39,749141.81,0,0
5614655,395,CASH_IN,315832.91,C1699981162,8017.0,323849.91,C873383602,0.0,0.0,0,0
497246,20,CASH_OUT,71367.74,C321754169,0.0,0.0,C1057497967,82046.13,153413.87,0,0
4147086,303,CASH_OUT,57557.91,C1587169131,10276.0,0.0,C1141125281,4437953.68,4495511.58,0,0
600026,34,CASH_OUT,37701.32,C1357581922,0.0,0.0,C1591612142,58737.36,96438.67,0,0
462678,19,CASH_OUT,72793.68,C1498553602,41088.0,0.0,C1017198092,10473.0,23427.11,0,0
4065284,300,TRANSFER,1058839.07,C112555207,38924.71,0.0,C140020032,1285526.06,2320113.9,0,0
3431977,256,CASH_OUT,11946.65,C1183372854,908.0,0.0,C1818815787,7093.58,19040.24,0,0
367697,17,CASH_OUT,129301.02,C945283306,0.0,0.0,C70009792,1043439.65,1131777.0,0,0
5171538,358,TRANSFER,213720.47,C1663053145,101.0,0.0,C1243408020,795445.63,1009166.1,0,0
2316997,188,PAYMENT,2133.4,C19792248,0.0,0.0,M2026332642,0.0,0.0,0,0
1203732,133,PAYMENT,21379.66,C1161693671,0.0,0.0,M864876195,0.0,0.0,0,0
1537154,154,PAYMENT,2199.97,C1961539709,0.0,0.0,M1941774783,0.0,0.0,0,0
1650372,158,CASH_OUT,187098.37,C438199944,0.0,0.0,C1072335823,3865697.9,4052796.27,0,0
5416419,378,CASH_IN,184089.8,C1877724947,3623103.87,3807193.67,C1338081769,1906214.71,1722124.9,0,0
1693224,159,PAYMENT,2184.84,C2005394585,53301.0,51116.16,M417184618,0.0,0.0,0,0
4889467,349,TRANSFER,756700.42,C1536785943,0.0,0.0,C1838105570,2685801.85,3442502.27,0,0
4445856,323,CASH_IN,40148.71,C1582595440,8869392.63,8909541.34,C349718894,95259.39,55110.69,0,0
2049577,181,PAYMENT,4384.35,C1423904075,0.0,0.0,M575165096,0.0,0.0,0,0
831448,41,PAYMENT,146.0,C630797876,0.0,0.0,M864669947,0.0,0.0,0,0
1582023,155,PAYMENT,13435.81,C1654651019,0.0,0.0,M984446339,0.0,0.0,0,0
4242565,306,CASH_IN,197148.29,C2122465519,3671974.75,3869123.04,C232453136,2158922.65,1961774.36,0,0
4453708,323,TRANSFER,1617362.03,C1799280634,183903.0,0.0,C627418842,750647.27,2368009.31,0,0
4433515,322,CASH_IN,247410.98,C732957019,42589.0,289999.98,C160943328,26757.34,0.0,0,0
5382195,376,CASH_IN,100502.92,C289024493,15232419.06,15332921.98,C1471251550,140103.66,39600.74,0,0
2601664,208,CASH_OUT,125815.62,C469672473,51254.0,0.0,C1919455489,1554341.89,1680157.51,0,0
3984765,298,CASH_OUT,254109.29,C276502231,0.0,0.0,C275040949,339907.2,594016.48,0,0
3669035,276,CASH_OUT,124388.45,C1345967692,8572.0,0.0,C817956120,1742657.33,1867045.78,0,0
764722,38,PAYMENT,6256.38,C958953063,15262.0,9005.62,M1296872629,0.0,0.0,0,0
3114007,236,CASH_OUT,130237.95,C1349963202,151.0,0.0,C1067824915,767705.24,897943.19,0,0
109372,11,CASH_OUT,54365.21,C836548217,32331.0,0.0,C145581669,363724.24,0.0,0,0
4216261,305,PAYMENT,3419.45,C1049511132,0.0,0.0,M1188179199,0.0,0.0,0,0
4378165,311,PAYMENT,67508.62,C328320629,0.0,0.0,M1149925505,0.0,0.0,0,0
5653275,396,CASH_OUT,109246.11,C1583006626,44467.0,0.0,C1613349150,2341223.56,2450469.67,0,0
4415336,322,CASH_IN,5800.07,C861987202,826957.57,832757.65,C1722970133,3498821.29,3493021.22,0,0
5804420,401,CASH_OUT,458684.59,C190427950,0.0,0.0,C1667534065,856587.5,1315272.09,0,0
2279822,187,CASH_OUT,201226.4,C2064771674,10900.0,0.0,C164799505,7332150.83,7533377.23,0,0
4309617,307,CASH_OUT,102201.57,C1981380726,0.0,0.0,C1697292806,558811.45,661013.02,0,0
5503676,380,CASH_IN,63294.74,C1286574496,1049.0,64343.74,C1830376804,68416.56,5121.82,0,0
4623243,329,PAYMENT,2624.88,C1176041339,0.0,0.0,M564424545,0.0,0.0,0,0
3766518,279,CASH_IN,231179.13,C348667455,52130.0,283309.13,C1112098060,0.0,0.0,0,0
2601030,208,CASH_IN,110388.51,C1520548043,6995819.61,7106208.12,C947109506,1720490.02,1678704.61,0,0
1071807,129,CASH_OUT,204228.11,C1569390160,0.0,0.0,C961781419,1320912.08,1525140.19,0,0
4559561,327,CASH_OUT,236991.71,C1692365550,0.0,0.0,C1053955736,400328.36,637320.08,0,0
431,1,CASH_IN,12336.48,C1250499735,7317899.11,7330235.59,C990398217,21024.0,83845.22,0,0
4339145,308,CASH_OUT,1163.3,C1530278902,0.0,0.0,C787183594,112442.81,113606.11,0,0
237169,14,CASH_OUT,302062.14,C1059293116,11959.0,0.0,C1956756848,2143854.87,2445917.01,0,0
3877332,283,PAYMENT,14745.58,C1521013837,12373.0,0.0,M883153116,0.0,0.0,0,0
3404489,255,CASH_OUT,92276.79,C535077887,0.0,0.0,C984281928,2775273.37,2867550.15,0,0
1809972,163,CASH_OUT,112190.48,C913021648,51023.0,0.0,C1729905407,42608.85,154799.33,0,0
3031574,233,CASH_OUT,223552.59,C679938409,0.0,0.0,C1500694220,488869.41,993517.0,0,0
52466,9,CASH_OUT,140906.16,C147453135,0.0,0.0,C390635742,264365.02,7022510.07,0,0
2822110,226,CASH_OUT,31218.01,C563696059,49643.0,18424.99,C1286165215,14587.32,45805.33,0,0
5733319,399,CASH_OUT,37689.57,C1580521544,6684.0,0.0,C541484789,7591547.29,7629236.86,0,0
2915121,229,CASH_IN,286025.3,C1250189632,20845.0,306870.3,C344852437,485229.63,199204.34,0,0
5393690,377,CASH_OUT,80056.67,C413084192,0.0,0.0,C1146146133,2244183.63,2324240.29,0,0
3377034,254,TRANSFER,251814.19,C1436042494,0.0,0.0,C248041022,1280587.64,1532401.83,0,0
1755947,161,PAYMENT,4560.47,C723963405,14977.8,10417.33,M1651451812,0.0,0.0,0,0
1511214,146,CASH_IN,418647.81,C1239510073,4013918.22,4432566.03,C2133646820,1133678.92,715031.11,0,0
5619477,395,CASH_IN,41735.25,C1206435219,4439227.36,4480962.62,C1003750821,232228.63,190493.38,0,0
759729,38,CASH_OUT,446512.88,C856307983,14981.0,0.0,C1482271059,0.0,446512.88,0,0
1877057,164,CASH_IN,88769.36,C2052709202,55500.0,144269.36,C463826424,430522.95,341753.59,0,0
2505303,205,TRANSFER,795832.09,C1944080143,10946.0,0.0,C1837876390,0.0,795832.09,0,0
2124143,183,PAYMENT,4323.3,C1014954391,0.0,0.0,M1370956610,0.0,0.0,0,0
3453797,257,CASH_OUT,123121.43,C701703669,40252.0,0.0,C66293232,38943.54,162064.97,0,0
193454,13,PAYMENT,20320.29,C1538800322,130952.12,110631.84,M1904587730,0.0,0.0,0,0
3431259,256,CASH_IN,367119.67,C1421164318,7186831.16,7553950.83,C807247901,6568927.42,6201807.75,0,0
3334875,253,PAYMENT,1400.62,C1547640931,0.0,0.0,M728160276,0.0,0.0,0,0
851153,41,CASH_OUT,236189.07,C511306136,0.0,0.0,C1535041470,344142.44,580331.51,0,0
799799,40,CASH_IN,85308.83,C538204464,98119.0,183427.83,C1477895198,310615.73,131422.16,0,0
2653568,209,PAYMENT,2189.19,C1329104913,21084.0,18894.81,M648770250,0.0,0.0,0,0
6243801,595,PAYMENT,7845.91,C1045094065,11208.0,3362.09,M1317145709,0.0,0.0,0,0
280056,15,CASH_IN,307203.01,C497042418,185.0,307388.01,C77635419,498931.32,191728.31,0,0
3705774,277,PAYMENT,7690.68,C1514162263,50361.0,42670.32,M893444891,0.0,0.0,0,0
5265237,372,CASH_IN,316663.58,C815717977,9508.0,326171.58,C264918381,0.0,0.0,0,0
3790460,280,CASH_IN,215519.41,C1359648324,3052.0,218571.41,C109498100,118044.92,0.0,0,0
4131842,302,PAYMENT,9612.17,C18746544,0.0,0.0,M1917279095,0.0,0.0,0,0
4205175,305,CASH_IN,337745.41,C46691027,5093234.47,5430979.89,C925847606,1141615.58,803870.17,0,0
339570,16,TRANSFER,68151.98,C497341000,20701.0,0.0,C667395488,1973720.39,2041872.37,0,0
4894936,349,CASH_OUT,52888.36,C1643341497,15548.0,0.0,C1210547818,3702677.99,3755566.36,0,0
5939860,404,PAYMENT,1124.22,C414835162,0.0,0.0,M1919901770,0.0,0.0,0,0
4623605,329,CASH_OUT,279607.88,C1437588551,21327.0,0.0,C1228598818,0.0,279607.88,0,0
1339061,137,CASH_IN,28317.93,C896905989,11056430.15,11084748.08,C1904350383,1611852.12,1583534.19,0,0
2636145,209,TRANSFER,258544.59,C1444963428,0.0,0.0,C369876826,626332.59,884877.17,0,0
5094062,355,PAYMENT,28750.14,C1557539326,0.0,0.0,M1799891292,0.0,0.0,0,0
3563285,260,PAYMENT,15793.38,C979117640,17106.0,1312.62,M764268456,0.0,0.0,0,0
5189521,369,CASH_IN,73027.55,C161227720,37.0,73064.55,C374602596,2115148.68,2042121.13,0,0
2846285,226,CASH_OUT,90923.18,C676197159,0.0,0.0,C887473630,1333931.42,1424854.59,0,0
2910047,229,PAYMENT,30593.11,C41769001,104891.0,74297.89,M468749972,0.0,0.0,0,0
435261,18,CASH_OUT,96275.92,C762033727,0.0,0.0,C1566796069,4057024.73,4153300.64,0,0
455316,19,CASH_OUT,56812.94,C1487678041,25170.0,0.0,C157519634,42188.03,99000.97,0,0
6280130,644,CASH_OUT,73705.21,C817958032,0.0,0.0,C1868341918,1574567.5,1648272.71,0,0
14879,8,CASH_OUT,453256.79,C608080514,101396.29,0.0,C2006081398,1534234.21,4743010.67,0,0
429501,18,CASH_OUT,306413.11,C1119057403,0.0,0.0,C1218276747,1182762.52,2097565.94,0,0
5467667,379,CASH_IN,133741.94,C2074552658,13700789.88,13834531.82,C112778299,383860.16,250118.22,0,0
4379164,311,PAYMENT,29257.2,C937978949,0.0,0.0,M1481071223,0.0,0.0,0,0
3210817,249,PAYMENT,20436.45,C71716129,1963.0,0.0,M1375602816,0.0,0.0,0,0
946366,44,CASH_IN,74964.49,C2049501183,11116470.95,11191435.44,C51524058,862240.47,787275.98,0,0
4338524,308,CASH_OUT,306087.87,C367710436,0.0,0.0,C957878396,362349.19,668437.06,0,0
1984001,179,CASH_OUT,309675.48,C749802327,0.0,0.0,C1863593828,1870912.31,2180587.79,0,0
2026858,180,CASH_IN,166627.21,C1518939197,3084379.24,3251006.45,C470930502,178261.85,11634.65,0,0
